ISO-10303-21;
HEADER;
FILE_DESCRIPTION((''),'2;1');
FILE_NAME('CH8','2026-07-29T02:59:15',('cayde'),(''),
'CREO PARAMETRIC BY PTC INC, 2024344','CREO PARAMETRIC BY PTC INC, 2024344','');
FILE_SCHEMA(('CONFIG_CONTROL_DESIGN'));
ENDSEC;
DATA;
#1=DIRECTION('',(0.E0,-8.660254037844E-1,5.E-1));
#2=VECTOR('',#1,5.351487621160E0);
#3=CARTESIAN_POINT('',(-5.E0,-4.864939331453E0,-3.500654281631E0));
#4=LINE('',#3,#2);
#5=DIRECTION('',(0.E0,-1.E0,0.E0));
#6=VECTOR('',#5,9.730951544075E0);
#7=CARTESIAN_POINT('',(-5.E0,4.866012212623E0,-3.500654281631E0));
#8=LINE('',#7,#6);
#9=DIRECTION('',(0.E0,-8.660254037844E-1,-5.E-1));
#10=VECTOR('',#9,5.351487621160E0);
#11=CARTESIAN_POINT('',(-5.E0,9.500536440585E0,-8.249104710514E-1));
#12=LINE('',#11,#10);
#13=DIRECTION('',(0.E0,0.E0,-1.E0));
#14=VECTOR('',#13,4.324695894818E0);
#15=CARTESIAN_POINT('',(-5.E0,9.500536440585E0,3.499785423766E0));
#16=LINE('',#15,#14);
#17=DIRECTION('',(0.E0,1.E0,0.E0));
#18=VECTOR('',#17,1.9E1);
#19=CARTESIAN_POINT('',(-5.E0,-9.499463559415E0,3.499785423766E0));
#20=LINE('',#19,#18);
#21=DIRECTION('',(0.E0,0.E0,1.E0));
#22=VECTOR('',#21,4.324695894818E0);
#23=CARTESIAN_POINT('',(-5.E0,-9.499463559415E0,-8.249104710514E-1));
#24=LINE('',#23,#22);
#25=DIRECTION('',(0.E0,0.E0,1.E0));
#26=VECTOR('',#25,3.929299193891E0);
#27=CARTESIAN_POINT('',(-5.E0,9.250536440585E0,-6.799534755219E-1));
#28=LINE('',#27,#26);
#29=DIRECTION('',(0.E0,8.660254037844E-1,5.E-1));
#30=VECTOR('',#29,5.141401612219E0);
#31=CARTESIAN_POINT('',(-5.E0,4.797952033345E0,-3.250654281631E0));
#32=LINE('',#31,#30);
#33=DIRECTION('',(0.E0,1.E0,0.E0));
#34=VECTOR('',#33,9.595904066690E0);
#35=CARTESIAN_POINT('',(-5.E0,-4.797952033345E0,-3.250654281631E0));
#36=LINE('',#35,#34);
#37=DIRECTION('',(0.E0,8.660254037844E-1,-5.E-1));
#38=VECTOR('',#37,5.141401612219E0);
#39=CARTESIAN_POINT('',(-5.E0,-9.250536440585E0,-6.799534755219E-1));
#40=LINE('',#39,#38);
#41=DIRECTION('',(0.E0,0.E0,-1.E0));
#42=VECTOR('',#41,3.929299193891E0);
#43=CARTESIAN_POINT('',(-5.E0,-9.250536440585E0,3.249345718369E0));
#44=LINE('',#43,#42);
#45=DIRECTION('',(0.E0,-1.E0,0.E0));
#46=VECTOR('',#45,1.850107288117E1);
#47=CARTESIAN_POINT('',(-5.E0,9.250536440585E0,3.249345718369E0));
#48=LINE('',#47,#46);
#49=DIRECTION('',(-6.546536707080E-1,6.546536707080E-1,3.779644730092E-1));
#50=VECTOR('',#49,7.637626158260E-1);
#51=CARTESIAN_POINT('',(-4.5E0,-9.999463559415E0,-1.113585605646E0));
#52=LINE('',#51,#50);
#53=DIRECTION('',(-5.773502691896E-1,5.773502691896E-1,-5.773502691896E-1));
#54=VECTOR('',#53,8.660254037844E-1);
#55=CARTESIAN_POINT('',(-4.5E0,-9.999463559415E0,3.999785423766E0));
#56=LINE('',#55,#54);
#57=DIRECTION('',(-5.773502691896E-1,-5.773502691896E-1,-5.773502691896E-1));
#58=VECTOR('',#57,8.660254037844E-1);
#59=CARTESIAN_POINT('',(-4.5E0,1.000053644058E1,3.999785423766E0));
#60=LINE('',#59,#58);
#61=DIRECTION('',(0.E0,1.E0,0.E0));
#62=VECTOR('',#61,2.E1);
#63=CARTESIAN_POINT('',(-4.5E0,-9.999463559415E0,3.999785423766E0));
#64=LINE('',#63,#62);
#65=DIRECTION('',(1.E0,0.E0,0.E0));
#66=VECTOR('',#65,9.E0);
#67=CARTESIAN_POINT('',(-4.5E0,1.000053644058E1,3.999785423766E0));
#68=LINE('',#67,#66);
#69=DIRECTION('',(0.E0,-1.E0,0.E0));
#70=VECTOR('',#69,2.E1);
#71=CARTESIAN_POINT('',(4.5E0,1.000053644058E1,3.999785423766E0));
#72=LINE('',#71,#70);
#73=DIRECTION('',(0.E0,0.E0,-1.E0));
#74=VECTOR('',#73,5.113371029412E0);
#75=CARTESIAN_POINT('',(-4.5E0,1.000053644058E1,3.999785423766E0));
#76=LINE('',#75,#74);
#77=DIRECTION('',(1.E0,0.E0,0.E0));
#78=VECTOR('',#77,9.E0);
#79=CARTESIAN_POINT('',(-4.5E0,1.000053644058E1,-1.113585605646E0));
#80=LINE('',#79,#78);
#81=DIRECTION('',(0.E0,0.E0,1.E0));
#82=VECTOR('',#81,5.113371029412E0);
#83=CARTESIAN_POINT('',(4.5E0,1.000053644058E1,-1.113585605646E0));
#84=LINE('',#83,#82);
#85=DIRECTION('',(-6.546536707080E-1,-6.546536707080E-1,3.779644730092E-1));
#86=VECTOR('',#85,7.637626158260E-1);
#87=CARTESIAN_POINT('',(-4.5E0,1.000053644058E1,-1.113585605646E0));
#88=LINE('',#87,#86);
#89=DIRECTION('',(-6.947465906069E-1,-1.861567878974E-1,6.947465906069E-1));
#90=VECTOR('',#89,7.196868710982E-1);
#91=CARTESIAN_POINT('',(-4.5E0,4.999986808838E0,-4.000654281631E0));
#92=LINE('',#91,#90);
#93=DIRECTION('',(-6.947465906069E-1,1.861567878974E-1,6.947465906069E-1));
#94=VECTOR('',#93,7.196868710982E-1);
#95=CARTESIAN_POINT('',(-4.5E0,-4.998913927668E0,-4.000654281631E0));
#96=LINE('',#95,#94);
#97=CARTESIAN_POINT('',(0.E0,5.364361084049E-4,-4.000779451171E0));
#98=DIRECTION('',(0.E0,-3.576270563088E-5,-9.999999993605E-1));
#99=DIRECTION('',(0.E0,-9.999999993605E-1,3.576270563098E-5));
#100=AXIS2_PLACEMENT_3D('',#97,#98,#99);
#102=CARTESIAN_POINT('',(0.E0,5.364450611848E-4,-4.000529112731E0));
#103=DIRECTION('',(0.E0,-3.576270563088E-5,-9.999999993605E-1));
#104=DIRECTION('',(0.E0,9.999999993605E-1,-3.576270563097E-5));
#105=AXIS2_PLACEMENT_3D('',#102,#103,#104);
#107=DIRECTION('',(0.E0,-1.E0,0.E0));
#108=VECTOR('',#107,9.998900736507E0);
#109=CARTESIAN_POINT('',(-4.5E0,4.999986808838E0,-4.000654281631E0));
#110=LINE('',#109,#108);
#111=DIRECTION('',(1.E0,0.E0,0.E0));
#112=VECTOR('',#111,9.E0);
#113=CARTESIAN_POINT('',(-4.5E0,-4.998913927668E0,-4.000654281631E0));
#114=LINE('',#113,#112);
#115=DIRECTION('',(0.E0,1.E0,0.E0));
#116=VECTOR('',#115,9.998900736507E0);
#117=CARTESIAN_POINT('',(4.5E0,-4.998913927668E0,-4.000654281631E0));
#118=LINE('',#117,#116);
#119=CARTESIAN_POINT('',(1.978885805221E-14,-3.499481441088E0,
-4.500654281381E0));
#120=DIRECTION('',(-1.E0,0.E0,0.E0));
#121=DIRECTION('',(0.E0,-1.865174681370E-14,1.E0));
#122=AXIS2_PLACEMENT_3D('',#119,#120,#121);
#124=CARTESIAN_POINT('',(-2.080887545608E-14,3.500518559552E0,
-4.500654281881E0));
#125=DIRECTION('',(1.E0,0.E0,0.E0));
#126=DIRECTION('',(0.E0,1.953992523340E-14,1.E0));
#127=AXIS2_PLACEMENT_3D('',#124,#125,#126);
#129=CARTESIAN_POINT('',(0.E0,3.000518575539E0,-4.500636400352E0));
#130=CARTESIAN_POINT('',(6.684239983921E-2,3.000518575539E0,-4.500636400352E0));
#131=CARTESIAN_POINT('',(2.005271723279E-1,2.996048982615E0,-4.500636240767E0));
#132=CARTESIAN_POINT('',(4.001587544784E-1,2.975965868641E0,-4.500635522436E0));
#133=CARTESIAN_POINT('',(5.980030996260E-1,2.942593676310E0,-4.500634328984E0));
#134=CARTESIAN_POINT('',(7.931766209370E-1,2.896081467456E0,-4.500632665574E0));
#135=CARTESIAN_POINT('',(9.848076304201E-1,2.836636969506E0,-4.500630539680E0));
#136=CARTESIAN_POINT('',(1.172040244965E0,2.764525681242E0,-4.500627960785E0));
#137=CARTESIAN_POINT('',(1.354038253007E0,2.680069662869E0,-4.500624940409E0));
#138=CARTESIAN_POINT('',(1.529988801324E0,2.583646116092E0,-4.500621492042E0));
#139=CARTESIAN_POINT('',(1.699106043964E0,2.475685696553E0,-4.500617631085E0));
#140=CARTESIAN_POINT('',(1.860634665171E0,2.356670580814E0,-4.500613374783E0));
#141=CARTESIAN_POINT('',(2.013853241412E0,2.227132317366E0,-4.500608742144E0));
#142=CARTESIAN_POINT('',(2.158077460790E0,2.087649455612E0,-4.500603753860E0));
#143=CARTESIAN_POINT('',(2.292663181918E0,1.938844960807E0,-4.500598432208E0));
#144=CARTESIAN_POINT('',(2.417009312506E0,1.781383429836E0,-4.500592800958E0));
#145=CARTESIAN_POINT('',(2.530560492671E0,1.615968123994E0,-4.500586885259E0));
#146=CARTESIAN_POINT('',(2.632809575402E0,1.443337827947E0,-4.500580711532E0));
#147=CARTESIAN_POINT('',(2.723299891274E0,1.264263550793E0,-4.500574307352E0));
#148=CARTESIAN_POINT('',(2.801627288610E0,1.079545081677E0,-4.500567701320E0));
#149=CARTESIAN_POINT('',(2.867441938239E0,8.900074180829E-1,-4.500560922940E0));
#150=CARTESIAN_POINT('',(2.920449895920E0,6.964970813799E-1,-4.500554002487E0));
#151=CARTESIAN_POINT('',(2.960414415300E0,4.998783354238E-1,-4.500546970868E0));
#152=CARTESIAN_POINT('',(2.987157005051E0,3.010293277653E-1,-4.500539859490E0));
#153=CARTESIAN_POINT('',(3.000558226344E0,1.008381657379E-1,-4.500532700112E0));
#154=CARTESIAN_POINT('',(3.000558226033E0,-9.980104759531E-2,
-4.500525524711E0));
#155=CARTESIAN_POINT('',(2.987157004125E0,-2.999922095345E-1,
-4.500518365333E0));
#156=CARTESIAN_POINT('',(2.960414413777E0,-4.988412170190E-1,
-4.500511253955E0));
#157=CARTESIAN_POINT('',(2.920449893830E0,-6.954599627171E-1,
-4.500504222337E0));
#158=CARTESIAN_POINT('',(2.867441935623E0,-8.889702990836E-1,
-4.500497301883E0));
#159=CARTESIAN_POINT('',(2.801627285516E0,-1.078507962277E0,-4.500490523504E0));
#160=CARTESIAN_POINT('',(2.723299887783E0,-1.263226430875E0,-4.500483917471E0));
#161=CARTESIAN_POINT('',(2.632809571714E0,-1.442300707222E0,-4.500477513291E0));
#162=CARTESIAN_POINT('',(2.530560489077E0,-1.614931002158E0,-4.500471339563E0));
#163=CARTESIAN_POINT('',(2.417009309348E0,-1.780346306647E0,-4.500465423870E0));
#164=CARTESIAN_POINT('',(2.292663179597E0,-1.937807836070E0,-4.500459792599E0));
#165=CARTESIAN_POINT('',(2.158077459751E0,-2.086612329196E0,-4.500454471023E0));
#166=CARTESIAN_POINT('',(2.013853242126E0,-2.226095189224E0,-4.500449482458E0));
#167=CARTESIAN_POINT('',(1.860634668124E0,-2.355633450982E0,-4.500444850868E0));
#168=CARTESIAN_POINT('',(1.699106049661E0,-2.474648565134E0,-4.500440590651E0));
#169=CARTESIAN_POINT('',(1.529988810302E0,-2.582608983268E0,-4.500436744303E0));
#170=CARTESIAN_POINT('',(1.354038265647E0,-2.679032528952E0,-4.500433241416E0));
#171=CARTESIAN_POINT('',(1.172040261784E0,-2.763488546650E0,-4.500430424512E0));
#172=CARTESIAN_POINT('',(9.848076511335E-1,-2.835599834620E0,
-4.500427086249E0));
#173=CARTESIAN_POINT('',(7.931766466282E-1,-2.895044333558E0,
-4.500427794355E0));
#174=CARTESIAN_POINT('',(5.980031009740E-1,-2.941556548094E0,
-4.500415554313E0));
#175=CARTESIAN_POINT('',(4.001587579529E-1,-2.974928743878E0,
-4.500453833388E0));
#176=CARTESIAN_POINT('',(2.005271147809E-1,-2.995011851070E0,
-4.500305801583E0));
#177=CARTESIAN_POINT('',(6.684251549809E-2,-2.999481457075E0,
-4.500672162911E0));
#178=CARTESIAN_POINT('',(0.E0,-2.999481457075E0,-4.500672162911E0));
#180=DIRECTION('',(0.E0,-7.154011252857E-5,-9.999999974410E-1));
#181=VECTOR('',#180,5.002324568747E-1);
#182=CARTESIAN_POINT('',(0.E0,3.000518575539E0,-4.500636400352E0));
#183=LINE('',#182,#181);
#184=DIRECTION('',(0.E0,3.261489948150E-8,-1.E0));
#185=VECTOR('',#184,4.999821180811E-1);
#186=CARTESIAN_POINT('',(0.E0,-2.999481457075E0,-4.500672162911E0));
#187=LINE('',#186,#185);
#188=CARTESIAN_POINT('',(0.E0,-2.999481457075E0,-4.500672162911E0));
#189=CARTESIAN_POINT('',(-6.684239983921E-2,-2.999481457075E0,
-4.500672162911E0));
#190=CARTESIAN_POINT('',(-2.005271723279E-1,-2.995011864151E0,
-4.500672322496E0));
#191=CARTESIAN_POINT('',(-4.001587544784E-1,-2.974928750177E0,
-4.500673040827E0));
#192=CARTESIAN_POINT('',(-5.980030996260E-1,-2.941556557846E0,
-4.500674234279E0));
#193=CARTESIAN_POINT('',(-7.931766209370E-1,-2.895044348992E0,
-4.500675897689E0));
#194=CARTESIAN_POINT('',(-9.848076304201E-1,-2.835599851042E0,
-4.500678023583E0));
#195=CARTESIAN_POINT('',(-1.172040244965E0,-2.763488562778E0,
-4.500680602478E0));
#196=CARTESIAN_POINT('',(-1.354038253007E0,-2.679032544405E0,
-4.500683622854E0));
#197=CARTESIAN_POINT('',(-1.529988801324E0,-2.582608997628E0,
-4.500687071221E0));
#198=CARTESIAN_POINT('',(-1.699106043964E0,-2.474648578089E0,
-4.500690932177E0));
#199=CARTESIAN_POINT('',(-1.860634665171E0,-2.355633462350E0,
-4.500695188480E0));
#200=CARTESIAN_POINT('',(-2.013853241412E0,-2.226095198902E0,
-4.500699821119E0));
#201=CARTESIAN_POINT('',(-2.158077460790E0,-2.086612337148E0,
-4.500704809403E0));
#202=CARTESIAN_POINT('',(-2.292663181918E0,-1.937807842343E0,
-4.500710131054E0));
#203=CARTESIAN_POINT('',(-2.417009312506E0,-1.780346311372E0,
-4.500715762305E0));
#204=CARTESIAN_POINT('',(-2.530560492671E0,-1.614931005530E0,
-4.500721678004E0));
#205=CARTESIAN_POINT('',(-2.632809575402E0,-1.442300709483E0,
-4.500727851730E0));
#206=CARTESIAN_POINT('',(-2.723299891274E0,-1.263226432329E0,
-4.500734255911E0));
#207=CARTESIAN_POINT('',(-2.801627288610E0,-1.078507963213E0,
-4.500740861943E0));
#208=CARTESIAN_POINT('',(-2.867441938239E0,-8.889702996189E-1,
-4.500747640323E0));
#209=CARTESIAN_POINT('',(-2.920449895920E0,-6.954599629159E-1,
-4.500754560776E0));
#210=CARTESIAN_POINT('',(-2.960414415300E0,-4.988412169599E-1,
-4.500761592394E0));
#211=CARTESIAN_POINT('',(-2.987157005051E0,-2.999922093014E-1,
-4.500768703773E0));
#212=CARTESIAN_POINT('',(-3.000558226344E0,-9.980104727394E-2,
-4.500775863150E0));
#213=CARTESIAN_POINT('',(-3.000558226033E0,1.008381660593E-1,
-4.500783038552E0));
#214=CARTESIAN_POINT('',(-2.987157004125E0,3.010293279984E-1,
-4.500790197929E0));
#215=CARTESIAN_POINT('',(-2.960414413777E0,4.998783354830E-1,
-4.500797309308E0));
#216=CARTESIAN_POINT('',(-2.920449893830E0,6.964970811811E-1,
-4.500804340926E0));
#217=CARTESIAN_POINT('',(-2.867441935623E0,8.900074175476E-1,
-4.500811261379E0));
#218=CARTESIAN_POINT('',(-2.801627285516E0,1.079545080741E0,-4.500818039759E0));
#219=CARTESIAN_POINT('',(-2.723299887783E0,1.264263549339E0,-4.500824645791E0));
#220=CARTESIAN_POINT('',(-2.632809571714E0,1.443337825686E0,-4.500831049971E0));
#221=CARTESIAN_POINT('',(-2.530560489077E0,1.615968120622E0,-4.500837223699E0));
#222=CARTESIAN_POINT('',(-2.417009309348E0,1.781383425111E0,-4.500843139393E0));
#223=CARTESIAN_POINT('',(-2.292663179597E0,1.938844954534E0,-4.500848770663E0));
#224=CARTESIAN_POINT('',(-2.158077459751E0,2.087649447660E0,-4.500854092239E0));
#225=CARTESIAN_POINT('',(-2.013853242126E0,2.227132307688E0,-4.500859080805E0));
#226=CARTESIAN_POINT('',(-1.860634668124E0,2.356670569446E0,-4.500863712395E0));
#227=CARTESIAN_POINT('',(-1.699106049661E0,2.475685683598E0,-4.500867972612E0));
#228=CARTESIAN_POINT('',(-1.529988810302E0,2.583646101732E0,-4.500871818960E0));
#229=CARTESIAN_POINT('',(-1.354038265647E0,2.680069647416E0,-4.500875321847E0));
#230=CARTESIAN_POINT('',(-1.172040261784E0,2.764525665114E0,-4.500878138750E0));
#231=CARTESIAN_POINT('',(-9.848076511335E-1,2.836636953084E0,
-4.500881477013E0));
#232=CARTESIAN_POINT('',(-7.931766466282E-1,2.896081452022E0,
-4.500880768908E0));
#233=CARTESIAN_POINT('',(-5.980031009740E-1,2.942593666558E0,
-4.500893008949E0));
#234=CARTESIAN_POINT('',(-4.001587579529E-1,2.975965862342E0,
-4.500854729875E0));
#235=CARTESIAN_POINT('',(-2.005271147809E-1,2.996048969534E0,
-4.501002761680E0));
#236=CARTESIAN_POINT('',(-6.684251549808E-2,3.000518575539E0,
-4.500636400352E0));
#237=CARTESIAN_POINT('',(0.E0,3.000518575539E0,-4.500636400352E0));
#239=CARTESIAN_POINT('',(0.E0,5.006740422849E-4,-5.000761568469E0));
#240=DIRECTION('',(0.E0,-3.576270563088E-5,-9.999999993605E-1));
#241=DIRECTION('',(0.E0,-9.999999993605E-1,3.576270563087E-5));
#242=AXIS2_PLACEMENT_3D('',#239,#240,#241);
#244=DIRECTION('',(0.E0,3.161539708443E-1,-9.487078932524E-1));
#245=VECTOR('',#244,6.324391357249E0);
#246=CARTESIAN_POINT('',(0.E0,-2.999481440768E0,-5.000654280992E0));
#247=LINE('',#246,#245);
#248=CARTESIAN_POINT('',(0.E0,5.006740422849E-4,-5.000761568469E0));
#249=DIRECTION('',(0.E0,3.576270563088E-5,9.999999993605E-1));
#250=DIRECTION('',(0.E0,-9.999999993605E-1,3.576270563087E-5));
#251=AXIS2_PLACEMENT_3D('',#248,#249,#250);
#253=DIRECTION('',(0.E0,-3.162218267578E-1,-9.486852777829E-1));
#254=VECTOR('',#253,6.324391357249E0);
#255=CARTESIAN_POINT('',(0.E0,3.000482788853E0,-5.000868855946E0));
#256=LINE('',#255,#254);
#257=DIRECTION('',(0.E0,-2.384180375221E-5,-9.999999997158E-1));
#258=VECTOR('',#257,5.999999996589E0);
#259=CARTESIAN_POINT('',(0.E0,-1.E0,-1.100065428163E1));
#260=LINE('',#259,#258);
#261=CARTESIAN_POINT('',(0.E0,2.861003658930E-4,-1.100069005457E1));
#262=DIRECTION('',(0.E0,3.576270563088E-5,9.999999993605E-1));
#263=DIRECTION('',(0.E0,-9.999999993605E-1,3.576270563073E-5));
#264=AXIS2_PLACEMENT_3D('',#261,#262,#263);
#266=DIRECTION('',(0.E0,-4.768360750445E-5,-9.999999988631E-1));
#267=VECTOR('',#266,5.999999996589E0);
#268=CARTESIAN_POINT('',(0.E0,1.000572200732E0,-1.100072582751E1));
#269=LINE('',#268,#267);
#270=CARTESIAN_POINT('',(0.E0,2.861003658930E-4,-1.100069005457E1));
#271=DIRECTION('',(0.E0,-3.576270563088E-5,-9.999999993605E-1));
#272=DIRECTION('',(0.E0,-9.999999993605E-1,3.576270563073E-5));
#273=AXIS2_PLACEMENT_3D('',#270,#271,#272);
#275=CARTESIAN_POINT('',(0.E0,7.152413224491E-5,-1.700069004689E1));
#276=DIRECTION('',(0.E0,3.576270563088E-5,9.999999993605E-1));
#277=DIRECTION('',(0.E0,-9.999999993605E-1,3.576270563073E-5));
#278=AXIS2_PLACEMENT_3D('',#275,#276,#277);
#280=CARTESIAN_POINT('',(0.E0,7.152413224491E-5,-1.700069004689E1));
#281=DIRECTION('',(0.E0,-3.576270563088E-5,-9.999999993605E-1));
#282=DIRECTION('',(0.E0,-9.999999993605E-1,3.576270563073E-5));
#283=AXIS2_PLACEMENT_3D('',#280,#281,#282);
#285=CARTESIAN_POINT('',(0.E0,7.152413224491E-5,-1.700069004689E1));
#286=DIRECTION('',(0.E0,-3.576270563088E-5,-9.999999993605E-1));
#287=DIRECTION('',(0.E0,-9.999999993605E-1,3.576270563160E-5));
#288=AXIS2_PLACEMENT_3D('',#285,#286,#287);
#290=CARTESIAN_POINT('',(0.E0,7.152413224491E-5,-1.700069004689E1));
#291=DIRECTION('',(0.E0,-3.576270563088E-5,-9.999999993605E-1));
#292=DIRECTION('',(0.E0,9.999999993605E-1,-3.576270563160E-5));
#293=AXIS2_PLACEMENT_3D('',#290,#291,#292);
#295=CARTESIAN_POINT('',(2.217583755515E-14,-1.500017880394E0,
-1.750063639996E1));
#296=DIRECTION('',(-1.E0,-1.478244610054E-14,0.E0));
#297=DIRECTION('',(1.478244604041E-14,-9.999999993605E-1,3.576270562888E-5));
#298=AXIS2_PLACEMENT_3D('',#295,#296,#297);
#300=CARTESIAN_POINT('',(0.E0,5.364277942947E-5,-1.750069004658E1));
#301=DIRECTION('',(0.E0,-3.576270563088E-5,-9.999999993605E-1));
#302=DIRECTION('',(0.E0,-9.999999993605E-1,3.576270563092E-5));
#303=AXIS2_PLACEMENT_3D('',#300,#301,#302);
#305=CARTESIAN_POINT('',(0.E0,1.787879487321E-5,-1.850072580736E1));
#306=DIRECTION('',(0.E0,-3.576270563088E-5,-9.999999993605E-1));
#307=DIRECTION('',(0.E0,-9.999999993605E-1,3.576270563092E-5));
#308=AXIS2_PLACEMENT_3D('',#305,#306,#307);
#310=CARTESIAN_POINT('',(0.E0,5.364277942947E-5,-1.750069004658E1));
#311=DIRECTION('',(0.E0,-3.576270563088E-5,-9.999999993605E-1));
#312=DIRECTION('',(0.E0,9.999999993605E-1,-3.576270563092E-5));
#313=AXIS2_PLACEMENT_3D('',#310,#311,#312);
#315=DIRECTION('',(0.E0,-3.576270563114E-5,-9.999999993605E-1));
#316=VECTOR('',#315,1.000035761427E0);
#317=CARTESIAN_POINT('',(0.E0,2.000125165633E0,-1.750076157454E1));
#318=LINE('',#317,#316);
#319=CARTESIAN_POINT('',(0.E0,1.787879487321E-5,-1.850072580736E1));
#320=DIRECTION('',(0.E0,-3.576270563088E-5,-9.999999993605E-1));
#321=DIRECTION('',(0.E0,9.999999993605E-1,-3.576270563092E-5));
#322=AXIS2_PLACEMENT_3D('',#319,#320,#321);
#324=DIRECTION('',(0.E0,-3.576270563070E-5,-9.999999993605E-1));
#325=VECTOR('',#324,1.000035761427E0);
#326=CARTESIAN_POINT('',(0.E0,-2.000017880074E0,-1.750061851861E1));
#327=LINE('',#326,#325);
#328=CARTESIAN_POINT('',(-2.280207272998E-14,1.500125165952E0,
-1.750074369319E1));
#329=DIRECTION('',(1.E0,1.520008077738E-14,0.E0));
#330=DIRECTION('',(-1.520008071752E-14,9.999999993605E-1,-3.576270565020E-5));
#331=AXIS2_PLACEMENT_3D('',#328,#329,#330);
#333=CARTESIAN_POINT('',(-2.112632985218E-14,1.500089401968E0,
-1.850077945398E1));
#334=DIRECTION('',(1.E0,1.408378622059E-14,0.E0));
#335=DIRECTION('',(0.E0,-3.576270563022E-5,-9.999999993605E-1));
#336=AXIS2_PLACEMENT_3D('',#333,#334,#335);
#338=CARTESIAN_POINT('',(0.E0,-2.557942228149E-9,-1.900072580704E1));
#339=DIRECTION('',(0.E0,-3.576270563088E-5,-9.999999993605E-1));
#340=DIRECTION('',(0.E0,9.999999993605E-1,-3.576270563160E-5));
#341=AXIS2_PLACEMENT_3D('',#338,#339,#340);
#343=CARTESIAN_POINT('',(0.E0,-2.557942228041E-9,-1.900072580704E1));
#344=DIRECTION('',(0.E0,-3.576270563088E-5,-9.999999993605E-1));
#345=DIRECTION('',(0.E0,-9.999999993605E-1,3.576270563160E-5));
#346=AXIS2_PLACEMENT_3D('',#343,#344,#345);
#348=CARTESIAN_POINT('',(2.037345986361E-14,-1.500053644378E0,
-1.850067216075E1));
#349=DIRECTION('',(-1.E0,-1.358201745516E-14,0.E0));
#350=DIRECTION('',(0.E0,-3.576270563288E-5,-9.999999993605E-1));
#351=AXIS2_PLACEMENT_3D('',#348,#349,#350);
#353=DIRECTION('',(0.E0,-8.660254037844E-1,5.E-1));
#354=VECTOR('',#353,5.774137351970E0);
#355=CARTESIAN_POINT('',(-4.5E0,-4.998913927668E0,-4.000654281631E0));
#356=LINE('',#355,#354);
#357=DIRECTION('',(1.E0,0.E0,0.E0));
#358=VECTOR('',#357,9.E0);
#359=CARTESIAN_POINT('',(-4.5E0,-9.999463559415E0,-1.113585605646E0));
#360=LINE('',#359,#358);
#361=DIRECTION('',(0.E0,8.660254037844E-1,-5.E-1));
#362=VECTOR('',#361,5.774137351970E0);
#363=CARTESIAN_POINT('',(4.5E0,-9.999463559415E0,-1.113585605646E0));
#364=LINE('',#363,#362);
#365=CARTESIAN_POINT('',(2.5E0,-7.834400049954E0,-2.363585605646E0));
#366=DIRECTION('',(0.E0,-5.E-1,-8.660254037844E-1));
#367=DIRECTION('',(-1.E0,0.E0,0.E0));
#368=AXIS2_PLACEMENT_3D('',#365,#366,#367);
#370=CARTESIAN_POINT('',(2.5E0,-7.834400049954E0,-2.363585605646E0));
#371=DIRECTION('',(0.E0,-5.E-1,-8.660254037844E-1));
#372=DIRECTION('',(1.E0,0.E0,0.E0));
#373=AXIS2_PLACEMENT_3D('',#370,#371,#372);
#375=CARTESIAN_POINT('',(-2.5E0,-7.834400049954E0,-2.363585605646E0));
#376=DIRECTION('',(0.E0,-5.E-1,-8.660254037844E-1));
#377=DIRECTION('',(-1.E0,0.E0,0.E0));
#378=AXIS2_PLACEMENT_3D('',#375,#376,#377);
#380=CARTESIAN_POINT('',(-2.5E0,-7.834400049954E0,-2.363585605646E0));
#381=DIRECTION('',(0.E0,-5.E-1,-8.660254037844E-1));
#382=DIRECTION('',(1.E0,0.E0,0.E0));
#383=AXIS2_PLACEMENT_3D('',#380,#381,#382);
#385=DIRECTION('',(0.E0,0.E0,1.E0));
#386=VECTOR('',#385,5.113371029412E0);
#387=CARTESIAN_POINT('',(-4.5E0,-9.999463559415E0,-1.113585605646E0));
#388=LINE('',#387,#386);
#389=DIRECTION('',(1.E0,0.E0,0.E0));
#390=VECTOR('',#389,9.E0);
#391=CARTESIAN_POINT('',(-4.5E0,-9.999463559415E0,3.999785423766E0));
#392=LINE('',#391,#390);
#393=DIRECTION('',(0.E0,0.E0,-1.E0));
#394=VECTOR('',#393,5.113371029412E0);
#395=CARTESIAN_POINT('',(4.5E0,-9.999463559415E0,3.999785423766E0));
#396=LINE('',#395,#394);
#397=DIRECTION('',(6.546536707080E-1,6.546536707080E-1,3.779644730092E-1));
#398=VECTOR('',#397,7.637626158260E-1);
#399=CARTESIAN_POINT('',(4.5E0,-9.999463559415E0,-1.113585605646E0));
#400=LINE('',#399,#398);
#401=DIRECTION('',(5.773502691896E-1,5.773502691896E-1,-5.773502691896E-1));
#402=VECTOR('',#401,8.660254037844E-1);
#403=CARTESIAN_POINT('',(4.5E0,-9.999463559415E0,3.999785423766E0));
#404=LINE('',#403,#402);
#405=DIRECTION('',(5.773502691896E-1,-5.773502691896E-1,-5.773502691896E-1));
#406=VECTOR('',#405,8.660254037844E-1);
#407=CARTESIAN_POINT('',(4.5E0,1.000053644058E1,3.999785423766E0));
#408=LINE('',#407,#406);
#409=DIRECTION('',(0.E0,0.E0,-1.E0));
#410=VECTOR('',#409,4.324695894818E0);
#411=CARTESIAN_POINT('',(5.E0,-9.499463559415E0,3.499785423766E0));
#412=LINE('',#411,#410);
#413=DIRECTION('',(0.E0,-1.E0,0.E0));
#414=VECTOR('',#413,1.9E1);
#415=CARTESIAN_POINT('',(5.E0,9.500536440585E0,3.499785423766E0));
#416=LINE('',#415,#414);
#417=DIRECTION('',(0.E0,0.E0,1.E0));
#418=VECTOR('',#417,4.324695894818E0);
#419=CARTESIAN_POINT('',(5.E0,9.500536440585E0,-8.249104710514E-1));
#420=LINE('',#419,#418);
#421=DIRECTION('',(0.E0,8.660254037844E-1,5.E-1));
#422=VECTOR('',#421,5.351487621160E0);
#423=CARTESIAN_POINT('',(5.E0,4.866012212623E0,-3.500654281631E0));
#424=LINE('',#423,#422);
#425=DIRECTION('',(0.E0,1.E0,0.E0));
#426=VECTOR('',#425,9.730951544075E0);
#427=CARTESIAN_POINT('',(5.E0,-4.864939331453E0,-3.500654281631E0));
#428=LINE('',#427,#426);
#429=DIRECTION('',(0.E0,8.660254037844E-1,-5.E-1));
#430=VECTOR('',#429,5.351487621160E0);
#431=CARTESIAN_POINT('',(5.E0,-9.499463559415E0,-8.249104710514E-1));
#432=LINE('',#431,#430);
#433=DIRECTION('',(0.E0,-8.660254037844E-1,-5.E-1));
#434=VECTOR('',#433,5.141401612219E0);
#435=CARTESIAN_POINT('',(5.E0,9.250536440585E0,-6.799534755219E-1));
#436=LINE('',#435,#434);
#437=DIRECTION('',(0.E0,0.E0,-1.E0));
#438=VECTOR('',#437,3.929299193891E0);
#439=CARTESIAN_POINT('',(5.E0,9.250536440585E0,3.249345718369E0));
#440=LINE('',#439,#438);
#441=DIRECTION('',(0.E0,1.E0,0.E0));
#442=VECTOR('',#441,1.850107288117E1);
#443=CARTESIAN_POINT('',(5.E0,-9.250536440585E0,3.249345718369E0));
#444=LINE('',#443,#442);
#445=DIRECTION('',(0.E0,0.E0,1.E0));
#446=VECTOR('',#445,3.929299193891E0);
#447=CARTESIAN_POINT('',(5.E0,-9.250536440585E0,-6.799534755219E-1));
#448=LINE('',#447,#446);
#449=DIRECTION('',(0.E0,-8.660254037844E-1,5.E-1));
#450=VECTOR('',#449,5.141401612219E0);
#451=CARTESIAN_POINT('',(5.E0,-4.797952033345E0,-3.250654281631E0));
#452=LINE('',#451,#450);
#453=DIRECTION('',(0.E0,-1.E0,0.E0));
#454=VECTOR('',#453,9.595904066690E0);
#455=CARTESIAN_POINT('',(5.E0,4.797952033345E0,-3.250654281631E0));
#456=LINE('',#455,#454);
#457=DIRECTION('',(6.546536707080E-1,-6.546536707080E-1,3.779644730092E-1));
#458=VECTOR('',#457,7.637626158260E-1);
#459=CARTESIAN_POINT('',(4.5E0,1.000053644058E1,-1.113585605646E0));
#460=LINE('',#459,#458);
#461=DIRECTION('',(0.E0,-8.660254037844E-1,-5.E-1));
#462=VECTOR('',#461,5.774137351970E0);
#463=CARTESIAN_POINT('',(-4.5E0,1.000053644058E1,-1.113585605646E0));
#464=LINE('',#463,#462);
#465=DIRECTION('',(1.E0,0.E0,0.E0));
#466=VECTOR('',#465,9.E0);
#467=CARTESIAN_POINT('',(-4.5E0,4.999986808838E0,-4.000654281631E0));
#468=LINE('',#467,#466);
#469=DIRECTION('',(0.E0,8.660254037844E-1,5.E-1));
#470=VECTOR('',#469,5.774137351970E0);
#471=CARTESIAN_POINT('',(4.5E0,4.999986808838E0,-4.000654281631E0));
#472=LINE('',#471,#470);
#473=CARTESIAN_POINT('',(-2.5E0,7.835472931124E0,-2.363585605646E0));
#474=DIRECTION('',(0.E0,5.E-1,-8.660254037844E-1));
#475=DIRECTION('',(0.E0,8.660254037844E-1,5.E-1));
#476=AXIS2_PLACEMENT_3D('',#473,#474,#475);
#478=CARTESIAN_POINT('',(-2.5E0,7.835472931124E0,-2.363585605646E0));
#479=DIRECTION('',(0.E0,5.E-1,-8.660254037844E-1));
#480=DIRECTION('',(0.E0,-8.660254037844E-1,-5.E-1));
#481=AXIS2_PLACEMENT_3D('',#478,#479,#480);
#483=CARTESIAN_POINT('',(2.5E0,7.835472931124E0,-2.363585605646E0));
#484=DIRECTION('',(0.E0,5.E-1,-8.660254037844E-1));
#485=DIRECTION('',(0.E0,8.660254037844E-1,5.E-1));
#486=AXIS2_PLACEMENT_3D('',#483,#484,#485);
#488=CARTESIAN_POINT('',(2.5E0,7.835472931124E0,-2.363585605646E0));
#489=DIRECTION('',(0.E0,5.E-1,-8.660254037844E-1));
#490=DIRECTION('',(0.E0,-8.660254037844E-1,-5.E-1));
#491=AXIS2_PLACEMENT_3D('',#488,#489,#490);
#493=DIRECTION('',(0.E0,-5.E-1,8.660254037844E-1));
#494=VECTOR('',#493,1.000536440585E0);
#495=CARTESIAN_POINT('',(-2.5E0,8.484991983962E0,-1.988585605646E0));
#496=LINE('',#495,#494);
#497=DIRECTION('',(0.E0,-5.E-1,8.660254037844E-1));
#498=VECTOR('',#497,1.000536440585E0);
#499=CARTESIAN_POINT('',(-2.5E0,7.185953878285E0,-2.738585605646E0));
#500=LINE('',#499,#498);
#501=DIRECTION('',(0.E0,8.660254037844E-1,5.E-1));
#502=VECTOR('',#501,4.930076746814E0);
#503=CARTESIAN_POINT('',(-4.75E0,4.730964735237E0,-3.000654281631E0));
#504=LINE('',#503,#502);
#505=DIRECTION('',(1.E0,0.E0,0.E0));
#506=VECTOR('',#505,3.75E0);
#507=CARTESIAN_POINT('',(-4.75E0,4.730964735237E0,-3.000654281631E0));
#508=LINE('',#507,#506);
#509=CARTESIAN_POINT('',(-2.5E0,7.335204710831E0,-1.497095630688E0));
#510=DIRECTION('',(0.E0,5.E-1,-8.660254037844E-1));
#511=DIRECTION('',(0.E0,8.660254037844E-1,5.E-1));
#512=AXIS2_PLACEMENT_3D('',#509,#510,#511);
#514=CARTESIAN_POINT('',(-2.5E0,7.335204710831E0,-1.497095630688E0));
#515=DIRECTION('',(0.E0,5.E-1,-8.660254037844E-1));
#516=DIRECTION('',(0.E0,-8.660254037844E-1,-5.E-1));
#517=AXIS2_PLACEMENT_3D('',#514,#515,#516);
#519=DIRECTION('',(-6.546536707080E-1,6.546536707080E-1,-3.779644730092E-1));
#520=VECTOR('',#519,3.818813079130E-1);
#521=CARTESIAN_POINT('',(-4.75E0,9.000536440585E0,-5.356159082245E-1));
#522=LINE('',#521,#520);
#523=DIRECTION('',(-6.947465906069E-1,1.861567878974E-1,-6.947465906069E-1));
#524=VECTOR('',#523,3.598434355491E-1);
#525=CARTESIAN_POINT('',(-4.75E0,4.730964735237E0,-3.000654281631E0));
#526=LINE('',#525,#524);
#527=DIRECTION('',(0.E0,1.E0,0.E0));
#528=VECTOR('',#527,9.461929470475E0);
#529=CARTESIAN_POINT('',(-4.75E0,-4.730964735237E0,-3.000654281631E0));
#530=LINE('',#529,#528);
#531=DIRECTION('',(1.E0,0.E0,0.E0));
#532=VECTOR('',#531,3.75E0);
#533=CARTESIAN_POINT('',(-4.75E0,-4.730964735237E0,-3.000654281631E0));
#534=LINE('',#533,#532);
#535=DIRECTION('',(0.E0,-1.E0,0.E0));
#536=VECTOR('',#535,1.800107288117E1);
#537=CARTESIAN_POINT('',(-1.E0,9.000536440585E0,2.999345718369E0));
#538=LINE('',#537,#536);
#539=DIRECTION('',(0.E0,0.E0,-1.E0));
#540=VECTOR('',#539,3.534961626593E0);
#541=CARTESIAN_POINT('',(-1.E0,-9.000536440585E0,2.999345718369E0));
#542=LINE('',#541,#540);
#543=DIRECTION('',(0.E0,8.660254037844E-1,-5.E-1));
#544=VECTOR('',#543,4.930076746814E0);
#545=CARTESIAN_POINT('',(-1.E0,-9.000536440585E0,-5.356159082245E-1));
#546=LINE('',#545,#544);
#547=DIRECTION('',(0.E0,1.E0,0.E0));
#548=VECTOR('',#547,9.461929470475E0);
#549=CARTESIAN_POINT('',(-1.E0,-4.730964735237E0,-3.000654281631E0));
#550=LINE('',#549,#548);
#551=DIRECTION('',(0.E0,8.660254037844E-1,5.E-1));
#552=VECTOR('',#551,4.930076746814E0);
#553=CARTESIAN_POINT('',(-1.E0,4.730964735237E0,-3.000654281631E0));
#554=LINE('',#553,#552);
#555=DIRECTION('',(0.E0,0.E0,1.E0));
#556=VECTOR('',#555,3.534961626593E0);
#557=CARTESIAN_POINT('',(-1.E0,9.000536440585E0,-5.356159082245E-1));
#558=LINE('',#557,#556);
#559=DIRECTION('',(0.E0,-1.E0,0.E0));
#560=VECTOR('',#559,1.800107288117E1);
#561=CARTESIAN_POINT('',(-4.75E0,9.000536440585E0,2.999345718369E0));
#562=LINE('',#561,#560);
#563=DIRECTION('',(1.E0,0.E0,0.E0));
#564=VECTOR('',#563,3.75E0);
#565=CARTESIAN_POINT('',(-4.75E0,9.000536440585E0,2.999345718369E0));
#566=LINE('',#565,#564);
#567=DIRECTION('',(-5.773502691896E-1,-5.773502691896E-1,5.773502691896E-1));
#568=VECTOR('',#567,4.330127018922E-1);
#569=CARTESIAN_POINT('',(-4.75E0,-9.000536440585E0,2.999345718369E0));
#570=LINE('',#569,#568);
#571=DIRECTION('',(-5.773502691896E-1,5.773502691896E-1,5.773502691896E-1));
#572=VECTOR('',#571,4.330127018922E-1);
#573=CARTESIAN_POINT('',(-4.75E0,9.000536440585E0,2.999345718369E0));
#574=LINE('',#573,#572);
#575=DIRECTION('',(0.E0,0.E0,1.E0));
#576=VECTOR('',#575,3.534961626593E0);
#577=CARTESIAN_POINT('',(-4.75E0,9.000536440585E0,-5.356159082245E-1));
#578=LINE('',#577,#576);
#579=DIRECTION('',(1.E0,0.E0,0.E0));
#580=VECTOR('',#579,3.75E0);
#581=CARTESIAN_POINT('',(-4.75E0,9.000536440585E0,-5.356159082245E-1));
#582=LINE('',#581,#580);
#583=DIRECTION('',(-6.546536707080E-1,-6.546536707080E-1,-3.779644730092E-1));
#584=VECTOR('',#583,3.818813079130E-1);
#585=CARTESIAN_POINT('',(-4.75E0,-9.000536440585E0,-5.356159082245E-1));
#586=LINE('',#585,#584);
#587=DIRECTION('',(0.E0,0.E0,-1.E0));
#588=VECTOR('',#587,3.534961626593E0);
#589=CARTESIAN_POINT('',(-4.75E0,-9.000536440585E0,2.999345718369E0));
#590=LINE('',#589,#588);
#591=DIRECTION('',(1.E0,0.E0,0.E0));
#592=VECTOR('',#591,3.75E0);
#593=CARTESIAN_POINT('',(-4.75E0,-9.000536440585E0,2.999345718369E0));
#594=LINE('',#593,#592);
#595=DIRECTION('',(0.E0,8.660254037844E-1,-5.E-1));
#596=VECTOR('',#595,4.930076746814E0);
#597=CARTESIAN_POINT('',(-4.75E0,-9.000536440585E0,-5.356159082245E-1));
#598=LINE('',#597,#596);
#599=DIRECTION('',(1.E0,0.E0,0.E0));
#600=VECTOR('',#599,3.75E0);
#601=CARTESIAN_POINT('',(-4.75E0,-9.000536440585E0,-5.356159082245E-1));
#602=LINE('',#601,#600);
#603=CARTESIAN_POINT('',(-2.5E0,-7.334400049954E0,-1.497560201862E0));
#604=DIRECTION('',(0.E0,-5.E-1,-8.660254037844E-1));
#605=DIRECTION('',(-1.E0,0.E0,0.E0));
#606=AXIS2_PLACEMENT_3D('',#603,#604,#605);
#608=CARTESIAN_POINT('',(-2.5E0,-7.334400049954E0,-1.497560201862E0));
#609=DIRECTION('',(0.E0,-5.E-1,-8.660254037844E-1));
#610=DIRECTION('',(1.E0,0.E0,0.E0));
#611=AXIS2_PLACEMENT_3D('',#608,#609,#610);
#613=DIRECTION('',(-6.947465906069E-1,-1.861567878974E-1,-6.947465906069E-1));
#614=VECTOR('',#613,3.598434355491E-1);
#615=CARTESIAN_POINT('',(-4.75E0,-4.730964735237E0,-3.000654281631E0));
#616=LINE('',#615,#614);
#617=DIRECTION('',(0.E0,5.E-1,8.660254037844E-1));
#618=VECTOR('',#617,1.E0);
#619=CARTESIAN_POINT('',(-3.25E0,-7.834400049954E0,-2.363585605646E0));
#620=LINE('',#619,#618);
#621=DIRECTION('',(0.E0,5.E-1,8.660254037844E-1));
#622=VECTOR('',#621,1.E0);
#623=CARTESIAN_POINT('',(-1.75E0,-7.834400049954E0,-2.363585605646E0));
#624=LINE('',#623,#622);
#625=DIRECTION('',(0.E0,-5.E-1,8.660254037844E-1));
#626=VECTOR('',#625,1.000536440585E0);
#627=CARTESIAN_POINT('',(2.5E0,8.484991983962E0,-1.988585605646E0));
#628=LINE('',#627,#626);
#629=DIRECTION('',(0.E0,-5.E-1,8.660254037844E-1));
#630=VECTOR('',#629,1.000536440585E0);
#631=CARTESIAN_POINT('',(2.5E0,7.185953878285E0,-2.738585605646E0));
#632=LINE('',#631,#630);
#633=DIRECTION('',(0.E0,-8.660254037844E-1,-5.E-1));
#634=VECTOR('',#633,4.930076746814E0);
#635=CARTESIAN_POINT('',(4.75E0,9.000536440585E0,-5.356159082245E-1));
#636=LINE('',#635,#634);
#637=DIRECTION('',(-1.E0,0.E0,0.E0));
#638=VECTOR('',#637,3.75E0);
#639=CARTESIAN_POINT('',(4.75E0,4.730964735237E0,-3.000654281631E0));
#640=LINE('',#639,#638);
#641=CARTESIAN_POINT('',(2.5E0,7.335204710831E0,-1.497095630688E0));
#642=DIRECTION('',(0.E0,5.E-1,-8.660254037844E-1));
#643=DIRECTION('',(0.E0,8.660254037844E-1,5.E-1));
#644=AXIS2_PLACEMENT_3D('',#641,#642,#643);
#646=CARTESIAN_POINT('',(2.5E0,7.335204710831E0,-1.497095630688E0));
#647=DIRECTION('',(0.E0,5.E-1,-8.660254037844E-1));
#648=DIRECTION('',(0.E0,-8.660254037844E-1,-5.E-1));
#649=AXIS2_PLACEMENT_3D('',#646,#647,#648);
#651=DIRECTION('',(6.947465906069E-1,1.861567878974E-1,-6.947465906069E-1));
#652=VECTOR('',#651,3.598434355491E-1);
#653=CARTESIAN_POINT('',(4.75E0,4.730964735237E0,-3.000654281631E0));
#654=LINE('',#653,#652);
#655=DIRECTION('',(6.947465906069E-1,-1.861567878974E-1,-6.947465906069E-1));
#656=VECTOR('',#655,3.598434355491E-1);
#657=CARTESIAN_POINT('',(4.75E0,-4.730964735237E0,-3.000654281631E0));
#658=LINE('',#657,#656);
#659=DIRECTION('',(6.546536707080E-1,-6.546536707080E-1,-3.779644730092E-1));
#660=VECTOR('',#659,3.818813079130E-1);
#661=CARTESIAN_POINT('',(4.75E0,-9.000536440585E0,-5.356159082245E-1));
#662=LINE('',#661,#660);
#663=DIRECTION('',(5.773502691896E-1,-5.773502691896E-1,5.773502691896E-1));
#664=VECTOR('',#663,4.330127018922E-1);
#665=CARTESIAN_POINT('',(4.75E0,-9.000536440585E0,2.999345718369E0));
#666=LINE('',#665,#664);
#667=DIRECTION('',(5.773502691896E-1,5.773502691896E-1,5.773502691896E-1));
#668=VECTOR('',#667,4.330127018922E-1);
#669=CARTESIAN_POINT('',(4.75E0,9.000536440585E0,2.999345718369E0));
#670=LINE('',#669,#668);
#671=DIRECTION('',(0.E0,1.E0,0.E0));
#672=VECTOR('',#671,1.800107288117E1);
#673=CARTESIAN_POINT('',(4.75E0,-9.000536440585E0,2.999345718369E0));
#674=LINE('',#673,#672);
#675=DIRECTION('',(-1.E0,0.E0,0.E0));
#676=VECTOR('',#675,3.75E0);
#677=CARTESIAN_POINT('',(4.75E0,9.000536440585E0,2.999345718369E0));
#678=LINE('',#677,#676);
#679=DIRECTION('',(0.E0,0.E0,-1.E0));
#680=VECTOR('',#679,3.534961626593E0);
#681=CARTESIAN_POINT('',(4.75E0,9.000536440585E0,2.999345718369E0));
#682=LINE('',#681,#680);
#683=DIRECTION('',(-1.E0,0.E0,0.E0));
#684=VECTOR('',#683,3.75E0);
#685=CARTESIAN_POINT('',(4.75E0,9.000536440585E0,-5.356159082245E-1));
#686=LINE('',#685,#684);
#687=DIRECTION('',(6.546536707080E-1,6.546536707080E-1,-3.779644730092E-1));
#688=VECTOR('',#687,3.818813079130E-1);
#689=CARTESIAN_POINT('',(4.75E0,9.000536440585E0,-5.356159082245E-1));
#690=LINE('',#689,#688);
#691=DIRECTION('',(0.E0,-1.E0,0.E0));
#692=VECTOR('',#691,1.800107288117E1);
#693=CARTESIAN_POINT('',(1.E0,9.000536440585E0,2.999345718369E0));
#694=LINE('',#693,#692);
#695=DIRECTION('',(0.E0,0.E0,1.E0));
#696=VECTOR('',#695,3.534961626593E0);
#697=CARTESIAN_POINT('',(1.E0,9.000536440585E0,-5.356159082245E-1));
#698=LINE('',#697,#696);
#699=DIRECTION('',(0.E0,8.660254037844E-1,5.E-1));
#700=VECTOR('',#699,4.930076746814E0);
#701=CARTESIAN_POINT('',(1.E0,4.730964735237E0,-3.000654281631E0));
#702=LINE('',#701,#700);
#703=DIRECTION('',(0.E0,1.E0,0.E0));
#704=VECTOR('',#703,9.461929470475E0);
#705=CARTESIAN_POINT('',(1.E0,-4.730964735237E0,-3.000654281631E0));
#706=LINE('',#705,#704);
#707=DIRECTION('',(0.E0,8.660254037844E-1,-5.E-1));
#708=VECTOR('',#707,4.930076746814E0);
#709=CARTESIAN_POINT('',(1.E0,-9.000536440585E0,-5.356159082245E-1));
#710=LINE('',#709,#708);
#711=DIRECTION('',(0.E0,0.E0,-1.E0));
#712=VECTOR('',#711,3.534961626593E0);
#713=CARTESIAN_POINT('',(1.E0,-9.000536440585E0,2.999345718369E0));
#714=LINE('',#713,#712);
#715=DIRECTION('',(0.E0,-1.E0,0.E0));
#716=VECTOR('',#715,9.461929470475E0);
#717=CARTESIAN_POINT('',(4.75E0,4.730964735237E0,-3.000654281631E0));
#718=LINE('',#717,#716);
#719=DIRECTION('',(-1.E0,0.E0,0.E0));
#720=VECTOR('',#719,3.75E0);
#721=CARTESIAN_POINT('',(4.75E0,-4.730964735237E0,-3.000654281631E0));
#722=LINE('',#721,#720);
#723=DIRECTION('',(0.E0,-8.660254037844E-1,5.E-1));
#724=VECTOR('',#723,4.930076746814E0);
#725=CARTESIAN_POINT('',(4.75E0,-4.730964735237E0,-3.000654281631E0));
#726=LINE('',#725,#724);
#727=DIRECTION('',(-1.E0,0.E0,0.E0));
#728=VECTOR('',#727,3.75E0);
#729=CARTESIAN_POINT('',(4.75E0,-9.000536440585E0,-5.356159082245E-1));
#730=LINE('',#729,#728);
#731=CARTESIAN_POINT('',(2.5E0,-7.334400049954E0,-1.497560201862E0));
#732=DIRECTION('',(0.E0,-5.E-1,-8.660254037844E-1));
#733=DIRECTION('',(-1.E0,0.E0,0.E0));
#734=AXIS2_PLACEMENT_3D('',#731,#732,#733);
#736=CARTESIAN_POINT('',(2.5E0,-7.334400049954E0,-1.497560201862E0));
#737=DIRECTION('',(0.E0,-5.E-1,-8.660254037844E-1));
#738=DIRECTION('',(1.E0,0.E0,0.E0));
#739=AXIS2_PLACEMENT_3D('',#736,#737,#738);
#741=DIRECTION('',(0.E0,0.E0,1.E0));
#742=VECTOR('',#741,3.534961626593E0);
#743=CARTESIAN_POINT('',(4.75E0,-9.000536440585E0,-5.356159082245E-1));
#744=LINE('',#743,#742);
#745=DIRECTION('',(-1.E0,0.E0,0.E0));
#746=VECTOR('',#745,3.75E0);
#747=CARTESIAN_POINT('',(4.75E0,-9.000536440585E0,2.999345718369E0));
#748=LINE('',#747,#746);
#749=DIRECTION('',(0.E0,5.E-1,8.660254037844E-1));
#750=VECTOR('',#749,1.E0);
#751=CARTESIAN_POINT('',(1.75E0,-7.834400049954E0,-2.363585605646E0));
#752=LINE('',#751,#750);
#753=DIRECTION('',(0.E0,5.E-1,8.660254037844E-1));
#754=VECTOR('',#753,1.E0);
#755=CARTESIAN_POINT('',(3.25E0,-7.834400049954E0,-2.363585605646E0));
#756=LINE('',#755,#754);
#757=DIRECTION('',(6.947465906069E-1,-1.861567878974E-1,6.947465906069E-1));
#758=VECTOR('',#757,7.196868710982E-1);
#759=CARTESIAN_POINT('',(4.5E0,4.999986808838E0,-4.000654281631E0));
#760=LINE('',#759,#758);
#761=DIRECTION('',(6.947465906069E-1,1.861567878974E-1,6.947465906069E-1));
#762=VECTOR('',#761,7.196868710982E-1);
#763=CARTESIAN_POINT('',(4.5E0,-4.998913927668E0,-4.000654281631E0));
#764=LINE('',#763,#762);
#765=CARTESIAN_POINT('',(1.E0,9.000536440585E0,2.999345718369E0));
#766=CARTESIAN_POINT('',(1.E0,-9.000536440585E0,2.999345718369E0));
#767=VERTEX_POINT('',#765);
#768=VERTEX_POINT('',#766);
#769=CARTESIAN_POINT('',(1.E0,-9.000536440585E0,-5.356159082245E-1));
#770=VERTEX_POINT('',#769);
#771=CARTESIAN_POINT('',(1.E0,-4.730964735237E0,-3.000654281631E0));
#772=VERTEX_POINT('',#771);
#773=CARTESIAN_POINT('',(1.E0,4.730964735237E0,-3.000654281631E0));
#774=VERTEX_POINT('',#773);
#775=CARTESIAN_POINT('',(1.E0,9.000536440585E0,-5.356159082245E-1));
#776=VERTEX_POINT('',#775);
#777=CARTESIAN_POINT('',(0.E0,-2.999481440768E0,-5.000654280992E0));
#778=CARTESIAN_POINT('',(0.E0,-1.E0,-1.100065428163E1));
#779=VERTEX_POINT('',#777);
#780=VERTEX_POINT('',#778);
#781=CARTESIAN_POINT('',(0.E0,-1.000143050822E0,-1.700065427652E1));
#782=VERTEX_POINT('',#781);
#783=CARTESIAN_POINT('',(0.E0,3.000482788853E0,-5.000868855946E0));
#784=CARTESIAN_POINT('',(0.E0,1.000572200732E0,-1.100072582751E1));
#785=VERTEX_POINT('',#783);
#786=VERTEX_POINT('',#784);
#787=CARTESIAN_POINT('',(0.E0,1.000286099087E0,-1.700072581727E1));
#788=VERTEX_POINT('',#787);
#789=CARTESIAN_POINT('',(0.E0,-2.000017880074E0,-1.750061851861E1));
#790=CARTESIAN_POINT('',(0.E0,2.000125165633E0,-1.750076157454E1));
#791=VERTEX_POINT('',#789);
#792=VERTEX_POINT('',#790);
#793=CARTESIAN_POINT('',(0.E0,-1.499999999041E0,-1.700063640028E1));
#794=CARTESIAN_POINT('',(0.E0,1.500143047305E0,-1.700074369351E1));
#795=VERTEX_POINT('',#793);
#796=VERTEX_POINT('',#794);
#797=CARTESIAN_POINT('',(0.E0,1.500071520615E0,-1.900077945366E1));
#798=CARTESIAN_POINT('',(0.E0,-1.500071525731E0,-1.900067216043E1));
#799=VERTEX_POINT('',#797);
#800=VERTEX_POINT('',#798);
#801=CARTESIAN_POINT('',(0.E0,2.000089401648E0,-1.850079733533E1));
#802=CARTESIAN_POINT('',(0.E0,-2.000053644058E0,-1.850065427939E1));
#803=VERTEX_POINT('',#801);
#804=VERTEX_POINT('',#802);
#805=CARTESIAN_POINT('',(0.E0,-3.499463559734E0,-4.000654281701E0));
#806=CARTESIAN_POINT('',(0.E0,3.500536431951E0,-4.000904620640E0));
#807=VERTEX_POINT('',#805);
#808=VERTEX_POINT('',#806);
#809=VERTEX_POINT('',#188);
#810=VERTEX_POINT('',#237);
#811=CARTESIAN_POINT('',(4.5E0,-9.999463559415E0,3.999785423766E0));
#812=CARTESIAN_POINT('',(4.5E0,-9.999463559415E0,-1.113585605646E0));
#813=VERTEX_POINT('',#811);
#814=VERTEX_POINT('',#812);
#815=CARTESIAN_POINT('',(5.E0,-9.499463559415E0,3.499785423766E0));
#816=CARTESIAN_POINT('',(5.E0,-9.499463559415E0,-8.249104710514E-1));
#817=VERTEX_POINT('',#815);
#818=VERTEX_POINT('',#816);
#819=CARTESIAN_POINT('',(4.5E0,-4.998913927668E0,-4.000654281631E0));
#820=VERTEX_POINT('',#819);
#821=CARTESIAN_POINT('',(5.E0,-4.864939331453E0,-3.500654281631E0));
#822=VERTEX_POINT('',#821);
#823=CARTESIAN_POINT('',(4.5E0,4.999986808838E0,-4.000654281631E0));
#824=VERTEX_POINT('',#823);
#825=CARTESIAN_POINT('',(5.E0,4.866012212623E0,-3.500654281631E0));
#826=VERTEX_POINT('',#825);
#827=CARTESIAN_POINT('',(4.5E0,1.000053644058E1,-1.113585605646E0));
#828=VERTEX_POINT('',#827);
#829=CARTESIAN_POINT('',(5.E0,9.500536440585E0,-8.249104710514E-1));
#830=VERTEX_POINT('',#829);
#831=CARTESIAN_POINT('',(5.E0,9.500536440585E0,3.499785423766E0));
#832=VERTEX_POINT('',#831);
#833=CARTESIAN_POINT('',(4.5E0,1.000053644058E1,3.999785423766E0));
#834=VERTEX_POINT('',#833);
#835=CARTESIAN_POINT('',(5.E0,9.250536440585E0,-6.799534755219E-1));
#836=CARTESIAN_POINT('',(5.E0,4.797952033345E0,-3.250654281631E0));
#837=VERTEX_POINT('',#835);
#838=VERTEX_POINT('',#836);
#839=CARTESIAN_POINT('',(4.75E0,9.000536440585E0,-5.356159082245E-1));
#840=CARTESIAN_POINT('',(4.75E0,4.730964735237E0,-3.000654281631E0));
#841=VERTEX_POINT('',#839);
#842=VERTEX_POINT('',#840);
#843=CARTESIAN_POINT('',(5.E0,-4.797952033345E0,-3.250654281631E0));
#844=VERTEX_POINT('',#843);
#845=CARTESIAN_POINT('',(4.75E0,-4.730964735237E0,-3.000654281631E0));
#846=VERTEX_POINT('',#845);
#847=CARTESIAN_POINT('',(5.E0,-9.250536440585E0,-6.799534755219E-1));
#848=VERTEX_POINT('',#847);
#849=CARTESIAN_POINT('',(4.75E0,-9.000536440585E0,-5.356159082245E-1));
#850=VERTEX_POINT('',#849);
#851=CARTESIAN_POINT('',(5.E0,-9.250536440585E0,3.249345718369E0));
#852=VERTEX_POINT('',#851);
#853=CARTESIAN_POINT('',(4.75E0,-9.000536440585E0,2.999345718369E0));
#854=VERTEX_POINT('',#853);
#855=CARTESIAN_POINT('',(4.75E0,9.000536440585E0,2.999345718369E0));
#856=VERTEX_POINT('',#855);
#857=CARTESIAN_POINT('',(5.E0,9.250536440585E0,3.249345718369E0));
#858=VERTEX_POINT('',#857);
#859=CARTESIAN_POINT('',(-1.E0,9.000536440585E0,2.999345718369E0));
#860=CARTESIAN_POINT('',(-1.E0,-9.000536440585E0,2.999345718369E0));
#861=VERTEX_POINT('',#859);
#862=VERTEX_POINT('',#860);
#863=CARTESIAN_POINT('',(-1.E0,-9.000536440585E0,-5.356159082245E-1));
#864=VERTEX_POINT('',#863);
#865=CARTESIAN_POINT('',(-1.E0,-4.730964735237E0,-3.000654281631E0));
#866=VERTEX_POINT('',#865);
#867=CARTESIAN_POINT('',(-1.E0,4.730964735237E0,-3.000654281631E0));
#868=VERTEX_POINT('',#867);
#869=CARTESIAN_POINT('',(-1.E0,9.000536440585E0,-5.356159082245E-1));
#870=VERTEX_POINT('',#869);
#871=CARTESIAN_POINT('',(-5.E0,-4.864939331453E0,-3.500654281631E0));
#872=CARTESIAN_POINT('',(-5.E0,-9.499463559415E0,-8.249104710514E-1));
#873=VERTEX_POINT('',#871);
#874=VERTEX_POINT('',#872);
#875=CARTESIAN_POINT('',(-4.5E0,-4.998913927668E0,-4.000654281631E0));
#876=CARTESIAN_POINT('',(-4.5E0,-9.999463559415E0,-1.113585605646E0));
#877=VERTEX_POINT('',#875);
#878=VERTEX_POINT('',#876);
#879=CARTESIAN_POINT('',(-5.E0,4.866012212623E0,-3.500654281631E0));
#880=VERTEX_POINT('',#879);
#881=CARTESIAN_POINT('',(-4.5E0,4.999986808838E0,-4.000654281631E0));
#882=VERTEX_POINT('',#881);
#883=CARTESIAN_POINT('',(-5.E0,9.500536440585E0,-8.249104710514E-1));
#884=VERTEX_POINT('',#883);
#885=CARTESIAN_POINT('',(-4.5E0,1.000053644058E1,-1.113585605646E0));
#886=VERTEX_POINT('',#885);
#887=CARTESIAN_POINT('',(-4.5E0,1.000053644058E1,3.999785423766E0));
#888=VERTEX_POINT('',#887);
#889=CARTESIAN_POINT('',(-5.E0,9.500536440585E0,3.499785423766E0));
#890=VERTEX_POINT('',#889);
#891=CARTESIAN_POINT('',(-4.5E0,-9.999463559415E0,3.999785423766E0));
#892=VERTEX_POINT('',#891);
#893=CARTESIAN_POINT('',(-5.E0,-9.499463559415E0,3.499785423766E0));
#894=VERTEX_POINT('',#893);
#895=CARTESIAN_POINT('',(-5.E0,9.250536440585E0,-6.799534755219E-1));
#896=CARTESIAN_POINT('',(-5.E0,9.250536440585E0,3.249345718369E0));
#897=VERTEX_POINT('',#895);
#898=VERTEX_POINT('',#896);
#899=CARTESIAN_POINT('',(-4.75E0,9.000536440585E0,-5.356159082245E-1));
#900=CARTESIAN_POINT('',(-4.75E0,9.000536440585E0,2.999345718369E0));
#901=VERTEX_POINT('',#899);
#902=VERTEX_POINT('',#900);
#903=CARTESIAN_POINT('',(-4.75E0,-9.000536440585E0,2.999345718369E0));
#904=VERTEX_POINT('',#903);
#905=CARTESIAN_POINT('',(-5.E0,-9.250536440585E0,3.249345718369E0));
#906=VERTEX_POINT('',#905);
#907=CARTESIAN_POINT('',(-4.75E0,-9.000536440585E0,-5.356159082245E-1));
#908=VERTEX_POINT('',#907);
#909=CARTESIAN_POINT('',(-5.E0,-9.250536440585E0,-6.799534755219E-1));
#910=VERTEX_POINT('',#909);
#911=CARTESIAN_POINT('',(-4.75E0,-4.730964735237E0,-3.000654281631E0));
#912=VERTEX_POINT('',#911);
#913=CARTESIAN_POINT('',(-5.E0,-4.797952033345E0,-3.250654281631E0));
#914=VERTEX_POINT('',#913);
#915=CARTESIAN_POINT('',(-4.75E0,4.730964735237E0,-3.000654281631E0));
#916=VERTEX_POINT('',#915);
#917=CARTESIAN_POINT('',(-5.E0,4.797952033345E0,-3.250654281631E0));
#918=VERTEX_POINT('',#917);
#919=CARTESIAN_POINT('',(1.75E0,-7.834400049954E0,-2.363585605646E0));
#920=CARTESIAN_POINT('',(3.25E0,-7.834400049954E0,-2.363585605646E0));
#921=VERTEX_POINT('',#919);
#922=VERTEX_POINT('',#920);
#923=CARTESIAN_POINT('',(-3.25E0,-7.834400049954E0,-2.363585605646E0));
#924=CARTESIAN_POINT('',(-1.75E0,-7.834400049954E0,-2.363585605646E0));
#925=VERTEX_POINT('',#923);
#926=VERTEX_POINT('',#924);
#927=CARTESIAN_POINT('',(1.75E0,-7.334400049954E0,-1.497560201862E0));
#928=CARTESIAN_POINT('',(3.25E0,-7.334400049954E0,-1.497560201862E0));
#929=VERTEX_POINT('',#927);
#930=VERTEX_POINT('',#928);
#931=CARTESIAN_POINT('',(-3.25E0,-7.334400049954E0,-1.497560201862E0));
#932=CARTESIAN_POINT('',(-1.75E0,-7.334400049954E0,-1.497560201862E0));
#933=VERTEX_POINT('',#931);
#934=VERTEX_POINT('',#932);
#935=CARTESIAN_POINT('',(-2.5E0,8.484991983962E0,-1.988585605646E0));
#936=CARTESIAN_POINT('',(-2.5E0,7.185953878285E0,-2.738585605646E0));
#937=VERTEX_POINT('',#935);
#938=VERTEX_POINT('',#936);
#939=CARTESIAN_POINT('',(2.5E0,8.484991983962E0,-1.988585605646E0));
#940=CARTESIAN_POINT('',(2.5E0,7.185953878285E0,-2.738585605646E0));
#941=VERTEX_POINT('',#939);
#942=VERTEX_POINT('',#940);
#943=CARTESIAN_POINT('',(2.5E0,7.984723763670E0,-1.122095630688E0));
#944=CARTESIAN_POINT('',(2.5E0,6.685685657993E0,-1.872095630688E0));
#945=VERTEX_POINT('',#943);
#946=VERTEX_POINT('',#944);
#947=CARTESIAN_POINT('',(-2.5E0,7.984723763670E0,-1.122095630688E0));
#948=CARTESIAN_POINT('',(-2.5E0,6.685685657993E0,-1.872095630688E0));
#949=VERTEX_POINT('',#947);
#950=VERTEX_POINT('',#948);
#951=CARTESIAN_POINT('',(-5.E0,0.E0,0.E0));
#952=DIRECTION('',(1.E0,0.E0,0.E0));
#953=DIRECTION('',(0.E0,-1.E0,0.E0));
#954=AXIS2_PLACEMENT_3D('',#951,#952,#953);
#955=PLANE('',#954);
#957=ORIENTED_EDGE('',*,*,#956,.F.);
#959=ORIENTED_EDGE('',*,*,#958,.F.);
#961=ORIENTED_EDGE('',*,*,#960,.F.);
#963=ORIENTED_EDGE('',*,*,#962,.F.);
#965=ORIENTED_EDGE('',*,*,#964,.F.);
#967=ORIENTED_EDGE('',*,*,#966,.F.);
#968=EDGE_LOOP('',(#957,#959,#961,#963,#965,#967));
#969=FACE_OUTER_BOUND('',#968,.F.);
#971=ORIENTED_EDGE('',*,*,#970,.F.);
#973=ORIENTED_EDGE('',*,*,#972,.F.);
#975=ORIENTED_EDGE('',*,*,#974,.F.);
#977=ORIENTED_EDGE('',*,*,#976,.F.);
#979=ORIENTED_EDGE('',*,*,#978,.F.);
#981=ORIENTED_EDGE('',*,*,#980,.F.);
#982=EDGE_LOOP('',(#971,#973,#975,#977,#979,#981));
#983=FACE_BOUND('',#982,.F.);
#984=ADVANCED_FACE('',(#969,#983),#955,.F.);
#985=CARTESIAN_POINT('',(-4.75E0,-7.374188743542E0,-2.340613592693E0));
#986=DIRECTION('',(-7.071067811865E-1,-3.535533905933E-1,-6.123724356958E-1));
#987=DIRECTION('',(7.071067811865E-1,-3.535533905933E-1,-6.123724356958E-1));
#988=AXIS2_PLACEMENT_3D('',#985,#986,#987);
#989=PLANE('',#988);
#990=ORIENTED_EDGE('',*,*,#956,.T.);
#992=ORIENTED_EDGE('',*,*,#991,.F.);
#994=ORIENTED_EDGE('',*,*,#993,.F.);
#996=ORIENTED_EDGE('',*,*,#995,.T.);
#997=EDGE_LOOP('',(#990,#992,#994,#996));
#998=FACE_OUTER_BOUND('',#997,.F.);
#999=ADVANCED_FACE('',(#998),#989,.T.);
#1000=CARTESIAN_POINT('',(-4.75E0,-9.749463559415E0,1.443099909060E0));
#1001=DIRECTION('',(-7.071067811865E-1,-7.071067811865E-1,0.E0));
#1002=DIRECTION('',(7.071067811865E-1,-7.071067811865E-1,0.E0));
#1003=AXIS2_PLACEMENT_3D('',#1000,#1001,#1002);
#1004=PLANE('',#1003);
#1005=ORIENTED_EDGE('',*,*,#966,.T.);
#1007=ORIENTED_EDGE('',*,*,#1006,.F.);
#1009=ORIENTED_EDGE('',*,*,#1008,.F.);
#1010=ORIENTED_EDGE('',*,*,#991,.T.);
#1011=EDGE_LOOP('',(#1005,#1007,#1009,#1010));
#1012=FACE_OUTER_BOUND('',#1011,.F.);
#1013=ADVANCED_FACE('',(#1012),#1004,.T.);
#1014=CARTESIAN_POINT('',(-4.75E0,5.364405848027E-4,3.749785423766E0));
#1015=DIRECTION('',(-7.071067811865E-1,0.E0,7.071067811865E-1));
#1016=DIRECTION('',(7.071067811865E-1,0.E0,7.071067811865E-1));
#1017=AXIS2_PLACEMENT_3D('',#1014,#1015,#1016);
#1018=PLANE('',#1017);
#1020=ORIENTED_EDGE('',*,*,#1019,.F.);
#1021=ORIENTED_EDGE('',*,*,#1006,.T.);
#1022=ORIENTED_EDGE('',*,*,#964,.T.);
#1024=ORIENTED_EDGE('',*,*,#1023,.F.);
#1025=EDGE_LOOP('',(#1020,#1021,#1022,#1024));
#1026=FACE_OUTER_BOUND('',#1025,.F.);
#1027=ADVANCED_FACE('',(#1026),#1018,.T.);
#1028=CARTESIAN_POINT('',(-5.E0,1.000053644058E1,3.999785423766E0));
#1029=DIRECTION('',(0.E0,0.E0,1.E0));
#1030=DIRECTION('',(0.E0,-1.E0,0.E0));
#1031=AXIS2_PLACEMENT_3D('',#1028,#1029,#1030);
#1032=PLANE('',#1031);
#1033=ORIENTED_EDGE('',*,*,#1019,.T.);
#1035=ORIENTED_EDGE('',*,*,#1034,.T.);
#1037=ORIENTED_EDGE('',*,*,#1036,.T.);
#1039=ORIENTED_EDGE('',*,*,#1038,.F.);
#1040=EDGE_LOOP('',(#1033,#1035,#1037,#1039));
#1041=FACE_OUTER_BOUND('',#1040,.F.);
#1042=ADVANCED_FACE('',(#1041),#1032,.T.);
#1043=CARTESIAN_POINT('',(-5.E0,1.000053644058E1,-1.113585605646E0));
#1044=DIRECTION('',(0.E0,1.E0,0.E0));
#1045=DIRECTION('',(0.E0,0.E0,1.E0));
#1046=AXIS2_PLACEMENT_3D('',#1043,#1044,#1045);
#1047=PLANE('',#1046);
#1049=ORIENTED_EDGE('',*,*,#1048,.T.);
#1051=ORIENTED_EDGE('',*,*,#1050,.T.);
#1053=ORIENTED_EDGE('',*,*,#1052,.T.);
#1054=ORIENTED_EDGE('',*,*,#1034,.F.);
#1055=EDGE_LOOP('',(#1049,#1051,#1053,#1054));
#1056=FACE_OUTER_BOUND('',#1055,.F.);
#1057=ADVANCED_FACE('',(#1056),#1047,.T.);
#1058=CARTESIAN_POINT('',(-4.75E0,9.750536440585E0,1.443099909060E0));
#1059=DIRECTION('',(-7.071067811865E-1,7.071067811865E-1,0.E0));
#1060=DIRECTION('',(7.071067811865E-1,7.071067811865E-1,0.E0));
#1061=AXIS2_PLACEMENT_3D('',#1058,#1059,#1060);
#1062=PLANE('',#1061);
#1063=ORIENTED_EDGE('',*,*,#1048,.F.);
#1064=ORIENTED_EDGE('',*,*,#1023,.T.);
#1065=ORIENTED_EDGE('',*,*,#962,.T.);
#1067=ORIENTED_EDGE('',*,*,#1066,.F.);
#1068=EDGE_LOOP('',(#1063,#1064,#1065,#1067));
#1069=FACE_OUTER_BOUND('',#1068,.F.);
#1070=ADVANCED_FACE('',(#1069),#1062,.T.);
#1071=CARTESIAN_POINT('',(-4.75E0,7.375261624711E0,-2.340613592693E0));
#1072=DIRECTION('',(-7.071067811865E-1,3.535533905933E-1,-6.123724356958E-1));
#1073=DIRECTION('',(7.071067811865E-1,3.535533905933E-1,-6.123724356958E-1));
#1074=AXIS2_PLACEMENT_3D('',#1071,#1072,#1073);
#1075=PLANE('',#1074);
#1076=ORIENTED_EDGE('',*,*,#960,.T.);
#1078=ORIENTED_EDGE('',*,*,#1077,.F.);
#1080=ORIENTED_EDGE('',*,*,#1079,.F.);
#1081=ORIENTED_EDGE('',*,*,#1066,.T.);
#1082=EDGE_LOOP('',(#1076,#1078,#1080,#1081));
#1083=FACE_OUTER_BOUND('',#1082,.F.);
#1084=ADVANCED_FACE('',(#1083),#1075,.T.);
#1085=CARTESIAN_POINT('',(-4.75E0,5.364405848063E-4,-3.750654281631E0));
#1086=DIRECTION('',(-7.071067811865E-1,0.E0,-7.071067811865E-1));
#1087=DIRECTION('',(7.071067811865E-1,0.E0,-7.071067811865E-1));
#1088=AXIS2_PLACEMENT_3D('',#1085,#1086,#1087);
#1089=PLANE('',#1088);
#1090=ORIENTED_EDGE('',*,*,#958,.T.);
#1091=ORIENTED_EDGE('',*,*,#995,.F.);
#1093=ORIENTED_EDGE('',*,*,#1092,.F.);
#1094=ORIENTED_EDGE('',*,*,#1077,.T.);
#1095=EDGE_LOOP('',(#1090,#1091,#1093,#1094));
#1096=FACE_OUTER_BOUND('',#1095,.F.);
#1097=ADVANCED_FACE('',(#1096),#1089,.T.);
#1098=CARTESIAN_POINT('',(-5.E0,-4.998913927668E0,-4.000654281631E0));
#1099=DIRECTION('',(0.E0,0.E0,-1.E0));
#1100=DIRECTION('',(0.E0,1.E0,0.E0));
#1101=AXIS2_PLACEMENT_3D('',#1098,#1099,#1100);
#1102=PLANE('',#1101);
#1103=ORIENTED_EDGE('',*,*,#1092,.T.);
#1105=ORIENTED_EDGE('',*,*,#1104,.T.);
#1107=ORIENTED_EDGE('',*,*,#1106,.T.);
#1109=ORIENTED_EDGE('',*,*,#1108,.F.);
#1110=EDGE_LOOP('',(#1103,#1105,#1107,#1109));
#1111=FACE_OUTER_BOUND('',#1110,.F.);
#1113=ORIENTED_EDGE('',*,*,#1112,.T.);
#1115=ORIENTED_EDGE('',*,*,#1114,.T.);
#1116=EDGE_LOOP('',(#1113,#1115));
#1117=FACE_BOUND('',#1116,.F.);
#1118=ADVANCED_FACE('',(#1111,#1117),#1102,.T.);
#1119=CARTESIAN_POINT('',(0.E0,5.185547555895E-4,-4.500779450851E0));
#1120=DIRECTION('',(0.E0,-3.576270563088E-5,-9.999999993605E-1));
#1121=DIRECTION('',(1.998982669976E-3,-9.999980013927E-1,3.576263417804E-5));
#1122=AXIS2_PLACEMENT_3D('',#1119,#1120,#1121);
#1123=TOROIDAL_SURFACE('',#1122,3.499999998082E0,5.E-1);
#1124=ORIENTED_EDGE('',*,*,#1112,.F.);
#1126=ORIENTED_EDGE('',*,*,#1125,.T.);
#1128=ORIENTED_EDGE('',*,*,#1127,.T.);
#1130=ORIENTED_EDGE('',*,*,#1129,.F.);
#1131=EDGE_LOOP('',(#1124,#1126,#1128,#1130));
#1132=FACE_OUTER_BOUND('',#1131,.F.);
#1133=ADVANCED_FACE('',(#1132),#1123,.F.);
#1134=CARTESIAN_POINT('',(0.E0,5.185637083694E-4,-4.500529112412E0));
#1135=DIRECTION('',(0.E0,-3.576270563088E-5,-9.999999993605E-1));
#1136=DIRECTION('',(-1.998982669976E-3,9.999980013927E-1,-3.576263417804E-5));
#1137=AXIS2_PLACEMENT_3D('',#1134,#1135,#1136);
#1138=TOROIDAL_SURFACE('',#1137,3.499999998082E0,5.E-1);
#1139=ORIENTED_EDGE('',*,*,#1114,.F.);
#1140=ORIENTED_EDGE('',*,*,#1129,.T.);
#1142=ORIENTED_EDGE('',*,*,#1141,.T.);
#1143=ORIENTED_EDGE('',*,*,#1125,.F.);
#1144=EDGE_LOOP('',(#1139,#1140,#1142,#1143));
#1145=FACE_OUTER_BOUND('',#1144,.F.);
#1146=ADVANCED_FACE('',(#1145),#1138,.F.);
#1147=CARTESIAN_POINT('',(0.E0,6.795148054336E-4,-2.430128276387E-8));
#1148=DIRECTION('',(0.E0,-3.576270563088E-5,-9.999999993605E-1));
#1149=DIRECTION('',(0.E0,-9.999999993605E-1,3.576270563088E-5));
#1150=AXIS2_PLACEMENT_3D('',#1147,#1148,#1149);
#1151=CYLINDRICAL_SURFACE('',#1150,2.999999998082E0);
#1152=ORIENTED_EDGE('',*,*,#1141,.F.);
#1154=ORIENTED_EDGE('',*,*,#1153,.T.);
#1156=ORIENTED_EDGE('',*,*,#1155,.F.);
#1158=ORIENTED_EDGE('',*,*,#1157,.F.);
#1159=EDGE_LOOP('',(#1152,#1154,#1156,#1158));
#1160=FACE_OUTER_BOUND('',#1159,.F.);
#1161=ADVANCED_FACE('',(#1160),#1151,.T.);
#1162=CARTESIAN_POINT('',(0.E0,6.795148054336E-4,-2.430128276387E-8));
#1163=DIRECTION('',(0.E0,-3.576270563088E-5,-9.999999993605E-1));
#1164=DIRECTION('',(0.E0,-9.999999993605E-1,3.576270563088E-5));
#1165=AXIS2_PLACEMENT_3D('',#1162,#1163,#1164);
#1166=CYLINDRICAL_SURFACE('',#1165,2.999999998082E0);
#1167=ORIENTED_EDGE('',*,*,#1127,.F.);
#1168=ORIENTED_EDGE('',*,*,#1157,.T.);
#1170=ORIENTED_EDGE('',*,*,#1169,.T.);
#1171=ORIENTED_EDGE('',*,*,#1153,.F.);
#1172=EDGE_LOOP('',(#1167,#1168,#1170,#1171));
#1173=FACE_OUTER_BOUND('',#1172,.F.);
#1174=ADVANCED_FACE('',(#1173),#1166,.T.);
#1175=CARTESIAN_POINT('',(0.E0,3.933872040890E-4,-8.000725811519E0));
#1176=DIRECTION('',(0.E0,3.576270563088E-5,9.999999993605E-1));
#1177=DIRECTION('',(0.E0,9.999999993605E-1,-3.576270563088E-5));
#1178=AXIS2_PLACEMENT_3D('',#1175,#1176,#1177);
#1179=CONICAL_SURFACE('',#1178,2.000125168191E0,1.843238738415E1);
#1181=ORIENTED_EDGE('',*,*,#1180,.T.);
#1183=ORIENTED_EDGE('',*,*,#1182,.T.);
#1185=ORIENTED_EDGE('',*,*,#1184,.F.);
#1186=ORIENTED_EDGE('',*,*,#1169,.F.);
#1187=EDGE_LOOP('',(#1181,#1183,#1185,#1186));
#1188=FACE_OUTER_BOUND('',#1187,.F.);
#1189=ADVANCED_FACE('',(#1188),#1179,.T.);
#1190=CARTESIAN_POINT('',(0.E0,3.933872040890E-4,-8.000725811519E0));
#1191=DIRECTION('',(0.E0,3.576270563088E-5,9.999999993605E-1));
#1192=DIRECTION('',(0.E0,9.999999993605E-1,-3.576270563088E-5));
#1193=AXIS2_PLACEMENT_3D('',#1190,#1191,#1192);
#1194=CONICAL_SURFACE('',#1193,2.000125168191E0,1.843238738415E1);
#1195=ORIENTED_EDGE('',*,*,#1180,.F.);
#1196=ORIENTED_EDGE('',*,*,#1155,.T.);
#1197=ORIENTED_EDGE('',*,*,#1184,.T.);
#1199=ORIENTED_EDGE('',*,*,#1198,.F.);
#1200=EDGE_LOOP('',(#1195,#1196,#1197,#1199));
#1201=FACE_OUTER_BOUND('',#1200,.F.);
#1202=ADVANCED_FACE('',(#1201),#1194,.T.);
#1203=CARTESIAN_POINT('',(0.E0,6.795148054336E-4,-2.430128276387E-8));
#1204=DIRECTION('',(0.E0,-3.576270563088E-5,-9.999999993605E-1));
#1205=DIRECTION('',(0.E0,-9.999999993605E-1,3.576270563088E-5));
#1206=AXIS2_PLACEMENT_3D('',#1203,#1204,#1205);
#1207=CYLINDRICAL_SURFACE('',#1206,1.000286101006E0);
#1209=ORIENTED_EDGE('',*,*,#1208,.F.);
#1210=ORIENTED_EDGE('',*,*,#1198,.T.);
#1212=ORIENTED_EDGE('',*,*,#1211,.T.);
#1214=ORIENTED_EDGE('',*,*,#1213,.F.);
#1215=EDGE_LOOP('',(#1209,#1210,#1212,#1214));
#1216=FACE_OUTER_BOUND('',#1215,.F.);
#1217=ADVANCED_FACE('',(#1216),#1207,.T.);
#1218=CARTESIAN_POINT('',(0.E0,6.795148054336E-4,-2.430128276387E-8));
#1219=DIRECTION('',(0.E0,-3.576270563088E-5,-9.999999993605E-1));
#1220=DIRECTION('',(0.E0,-9.999999993605E-1,3.576270563088E-5));
#1221=AXIS2_PLACEMENT_3D('',#1218,#1219,#1220);
#1222=CYLINDRICAL_SURFACE('',#1221,1.000286101006E0);
#1223=ORIENTED_EDGE('',*,*,#1208,.T.);
#1225=ORIENTED_EDGE('',*,*,#1224,.T.);
#1226=ORIENTED_EDGE('',*,*,#1211,.F.);
#1227=ORIENTED_EDGE('',*,*,#1182,.F.);
#1228=EDGE_LOOP('',(#1223,#1225,#1226,#1227));
#1229=FACE_OUTER_BOUND('',#1228,.F.);
#1230=ADVANCED_FACE('',(#1229),#1222,.T.);
#1231=CARTESIAN_POINT('',(0.E0,7.152413224491E-5,-1.700069004689E1));
#1232=DIRECTION('',(0.E0,-3.576270563088E-5,-9.999999993605E-1));
#1233=DIRECTION('',(0.E0,-9.999999993605E-1,3.576270563088E-5));
#1234=AXIS2_PLACEMENT_3D('',#1231,#1232,#1233);
#1235=PLANE('',#1234);
#1237=ORIENTED_EDGE('',*,*,#1236,.T.);
#1239=ORIENTED_EDGE('',*,*,#1238,.T.);
#1240=EDGE_LOOP('',(#1237,#1239));
#1241=FACE_OUTER_BOUND('',#1240,.F.);
#1242=ORIENTED_EDGE('',*,*,#1213,.T.);
#1243=ORIENTED_EDGE('',*,*,#1224,.F.);
#1244=EDGE_LOOP('',(#1242,#1243));
#1245=FACE_BOUND('',#1244,.F.);
#1246=ADVANCED_FACE('',(#1241,#1245),#1235,.F.);
#1247=CARTESIAN_POINT('',(0.E0,5.364277942947E-5,-1.750069004658E1));
#1248=DIRECTION('',(0.E0,-3.576270563088E-5,-9.999999993605E-1));
#1249=DIRECTION('',(3.142970426161E-3,-9.999950602168E-1,3.576252899436E-5));
#1250=AXIS2_PLACEMENT_3D('',#1247,#1248,#1249);
#1251=TOROIDAL_SURFACE('',#1250,1.500071524132E0,5.E-1);
#1253=ORIENTED_EDGE('',*,*,#1252,.T.);
#1255=ORIENTED_EDGE('',*,*,#1254,.T.);
#1256=ORIENTED_EDGE('',*,*,#1236,.F.);
#1258=ORIENTED_EDGE('',*,*,#1257,.F.);
#1259=EDGE_LOOP('',(#1253,#1255,#1256,#1258));
#1260=FACE_OUTER_BOUND('',#1259,.F.);
#1261=ADVANCED_FACE('',(#1260),#1251,.T.);
#1262=CARTESIAN_POINT('',(0.E0,6.795148054336E-4,-2.430128276387E-8));
#1263=DIRECTION('',(0.E0,-3.576270563088E-5,-9.999999993605E-1));
#1264=DIRECTION('',(0.E0,-9.999999993605E-1,3.576270563088E-5));
#1265=AXIS2_PLACEMENT_3D('',#1262,#1263,#1264);
#1266=CYLINDRICAL_SURFACE('',#1265,2.000071524132E0);
#1267=ORIENTED_EDGE('',*,*,#1252,.F.);
#1269=ORIENTED_EDGE('',*,*,#1268,.T.);
#1271=ORIENTED_EDGE('',*,*,#1270,.T.);
#1273=ORIENTED_EDGE('',*,*,#1272,.F.);
#1274=EDGE_LOOP('',(#1267,#1269,#1271,#1273));
#1275=FACE_OUTER_BOUND('',#1274,.F.);
#1276=ADVANCED_FACE('',(#1275),#1266,.T.);
#1277=CARTESIAN_POINT('',(0.E0,6.795148054336E-4,-2.430128276387E-8));
#1278=DIRECTION('',(0.E0,-3.576270563088E-5,-9.999999993605E-1));
#1279=DIRECTION('',(0.E0,-9.999999993605E-1,3.576270563088E-5));
#1280=AXIS2_PLACEMENT_3D('',#1277,#1278,#1279);
#1281=CYLINDRICAL_SURFACE('',#1280,2.000071524132E0);
#1283=ORIENTED_EDGE('',*,*,#1282,.F.);
#1284=ORIENTED_EDGE('',*,*,#1272,.T.);
#1286=ORIENTED_EDGE('',*,*,#1285,.T.);
#1287=ORIENTED_EDGE('',*,*,#1268,.F.);
#1288=EDGE_LOOP('',(#1283,#1284,#1286,#1287));
#1289=FACE_OUTER_BOUND('',#1288,.F.);
#1290=ADVANCED_FACE('',(#1289),#1281,.T.);
#1291=CARTESIAN_POINT('',(0.E0,5.364277942947E-5,-1.750069004658E1));
#1292=DIRECTION('',(0.E0,-3.576270563088E-5,-9.999999993605E-1));
#1293=DIRECTION('',(-3.142970426161E-3,9.999950602168E-1,-3.576252899436E-5));
#1294=AXIS2_PLACEMENT_3D('',#1291,#1292,#1293);
#1295=TOROIDAL_SURFACE('',#1294,1.500071524132E0,5.E-1);
#1296=ORIENTED_EDGE('',*,*,#1282,.T.);
#1297=ORIENTED_EDGE('',*,*,#1257,.T.);
#1298=ORIENTED_EDGE('',*,*,#1238,.F.);
#1299=ORIENTED_EDGE('',*,*,#1254,.F.);
#1300=EDGE_LOOP('',(#1296,#1297,#1298,#1299));
#1301=FACE_OUTER_BOUND('',#1300,.F.);
#1302=ADVANCED_FACE('',(#1301),#1295,.T.);
#1303=CARTESIAN_POINT('',(0.E0,1.787879487321E-5,-1.850072580736E1));
#1304=DIRECTION('',(0.E0,-3.576270563088E-5,-9.999999993605E-1));
#1305=DIRECTION('',(-2.998364279476E-3,9.999955042562E-1,-3.576254487423E-5));
#1306=AXIS2_PLACEMENT_3D('',#1303,#1304,#1305);
#1307=TOROIDAL_SURFACE('',#1306,1.500071524132E0,5.E-1);
#1309=ORIENTED_EDGE('',*,*,#1308,.T.);
#1311=ORIENTED_EDGE('',*,*,#1310,.T.);
#1312=ORIENTED_EDGE('',*,*,#1285,.F.);
#1314=ORIENTED_EDGE('',*,*,#1313,.F.);
#1315=EDGE_LOOP('',(#1309,#1311,#1312,#1314));
#1316=FACE_OUTER_BOUND('',#1315,.F.);
#1317=ADVANCED_FACE('',(#1316),#1307,.T.);
#1318=CARTESIAN_POINT('',(0.E0,-2.557942228041E-9,-1.900072580704E1));
#1319=DIRECTION('',(0.E0,-3.576270563088E-5,-9.999999993605E-1));
#1320=DIRECTION('',(0.E0,-9.999999993605E-1,3.576270563088E-5));
#1321=AXIS2_PLACEMENT_3D('',#1318,#1319,#1320);
#1322=PLANE('',#1321);
#1323=ORIENTED_EDGE('',*,*,#1308,.F.);
#1325=ORIENTED_EDGE('',*,*,#1324,.F.);
#1326=EDGE_LOOP('',(#1323,#1325));
#1327=FACE_OUTER_BOUND('',#1326,.F.);
#1328=ADVANCED_FACE('',(#1327),#1322,.T.);
#1329=CARTESIAN_POINT('',(0.E0,1.787879487321E-5,-1.850072580736E1));
#1330=DIRECTION('',(0.E0,-3.576270563088E-5,-9.999999993605E-1));
#1331=DIRECTION('',(2.998364279476E-3,-9.999955042562E-1,3.576254487186E-5));
#1332=AXIS2_PLACEMENT_3D('',#1329,#1330,#1331);
#1333=TOROIDAL_SURFACE('',#1332,1.500071524132E0,5.E-1);
#1334=ORIENTED_EDGE('',*,*,#1324,.T.);
#1335=ORIENTED_EDGE('',*,*,#1313,.T.);
#1336=ORIENTED_EDGE('',*,*,#1270,.F.);
#1337=ORIENTED_EDGE('',*,*,#1310,.F.);
#1338=EDGE_LOOP('',(#1334,#1335,#1336,#1337));
#1339=FACE_OUTER_BOUND('',#1338,.F.);
#1340=ADVANCED_FACE('',(#1339),#1333,.T.);
#1341=CARTESIAN_POINT('',(-5.E0,-9.999463559415E0,-1.113585605646E0));
#1342=DIRECTION('',(0.E0,-5.E-1,-8.660254037844E-1));
#1343=DIRECTION('',(0.E0,8.660254037844E-1,-5.E-1));
#1344=AXIS2_PLACEMENT_3D('',#1341,#1342,#1343);
#1345=PLANE('',#1344);
#1346=ORIENTED_EDGE('',*,*,#993,.T.);
#1348=ORIENTED_EDGE('',*,*,#1347,.T.);
#1350=ORIENTED_EDGE('',*,*,#1349,.T.);
#1351=ORIENTED_EDGE('',*,*,#1104,.F.);
#1352=EDGE_LOOP('',(#1346,#1348,#1350,#1351));
#1353=FACE_OUTER_BOUND('',#1352,.F.);
#1355=ORIENTED_EDGE('',*,*,#1354,.T.);
#1357=ORIENTED_EDGE('',*,*,#1356,.T.);
#1358=EDGE_LOOP('',(#1355,#1357));
#1359=FACE_BOUND('',#1358,.F.);
#1361=ORIENTED_EDGE('',*,*,#1360,.T.);
#1363=ORIENTED_EDGE('',*,*,#1362,.T.);
#1364=EDGE_LOOP('',(#1361,#1363));
#1365=FACE_BOUND('',#1364,.F.);
#1366=ADVANCED_FACE('',(#1353,#1359,#1365),#1345,.T.);
#1367=CARTESIAN_POINT('',(-5.E0,-9.999463559415E0,3.999785423766E0));
#1368=DIRECTION('',(0.E0,-1.E0,0.E0));
#1369=DIRECTION('',(0.E0,0.E0,-1.E0));
#1370=AXIS2_PLACEMENT_3D('',#1367,#1368,#1369);
#1371=PLANE('',#1370);
#1372=ORIENTED_EDGE('',*,*,#1008,.T.);
#1373=ORIENTED_EDGE('',*,*,#1038,.T.);
#1375=ORIENTED_EDGE('',*,*,#1374,.T.);
#1376=ORIENTED_EDGE('',*,*,#1347,.F.);
#1377=EDGE_LOOP('',(#1372,#1373,#1375,#1376));
#1378=FACE_OUTER_BOUND('',#1377,.F.);
#1379=ADVANCED_FACE('',(#1378),#1371,.T.);
#1380=CARTESIAN_POINT('',(4.75E0,-9.749463559415E0,1.443099909060E0));
#1381=DIRECTION('',(7.071067811865E-1,-7.071067811865E-1,0.E0));
#1382=DIRECTION('',(-7.071067811865E-1,-7.071067811865E-1,0.E0));
#1383=AXIS2_PLACEMENT_3D('',#1380,#1381,#1382);
#1384=PLANE('',#1383);
#1385=ORIENTED_EDGE('',*,*,#1374,.F.);
#1387=ORIENTED_EDGE('',*,*,#1386,.T.);
#1389=ORIENTED_EDGE('',*,*,#1388,.T.);
#1391=ORIENTED_EDGE('',*,*,#1390,.F.);
#1392=EDGE_LOOP('',(#1385,#1387,#1389,#1391));
#1393=FACE_OUTER_BOUND('',#1392,.F.);
#1394=ADVANCED_FACE('',(#1393),#1384,.T.);
#1395=CARTESIAN_POINT('',(4.75E0,5.364405848134E-4,3.749785423766E0));
#1396=DIRECTION('',(7.071067811865E-1,0.E0,7.071067811865E-1));
#1397=DIRECTION('',(-7.071067811865E-1,0.E0,7.071067811865E-1));
#1398=AXIS2_PLACEMENT_3D('',#1395,#1396,#1397);
#1399=PLANE('',#1398);
#1400=ORIENTED_EDGE('',*,*,#1036,.F.);
#1402=ORIENTED_EDGE('',*,*,#1401,.T.);
#1404=ORIENTED_EDGE('',*,*,#1403,.T.);
#1405=ORIENTED_EDGE('',*,*,#1386,.F.);
#1406=EDGE_LOOP('',(#1400,#1402,#1404,#1405));
#1407=FACE_OUTER_BOUND('',#1406,.F.);
#1408=ADVANCED_FACE('',(#1407),#1399,.T.);
#1409=CARTESIAN_POINT('',(4.75E0,9.750536440585E0,1.443099909060E0));
#1410=DIRECTION('',(7.071067811865E-1,7.071067811865E-1,0.E0));
#1411=DIRECTION('',(-7.071067811865E-1,7.071067811865E-1,0.E0));
#1412=AXIS2_PLACEMENT_3D('',#1409,#1410,#1411);
#1413=PLANE('',#1412);
#1415=ORIENTED_EDGE('',*,*,#1414,.T.);
#1416=ORIENTED_EDGE('',*,*,#1401,.F.);
#1417=ORIENTED_EDGE('',*,*,#1052,.F.);
#1419=ORIENTED_EDGE('',*,*,#1418,.T.);
#1420=EDGE_LOOP('',(#1415,#1416,#1417,#1419));
#1421=FACE_OUTER_BOUND('',#1420,.F.);
#1422=ADVANCED_FACE('',(#1421),#1413,.T.);
#1423=CARTESIAN_POINT('',(5.E0,0.E0,0.E0));
#1424=DIRECTION('',(1.E0,0.E0,0.E0));
#1425=DIRECTION('',(0.E0,-1.E0,0.E0));
#1426=AXIS2_PLACEMENT_3D('',#1423,#1424,#1425);
#1427=PLANE('',#1426);
#1428=ORIENTED_EDGE('',*,*,#1388,.F.);
#1429=ORIENTED_EDGE('',*,*,#1403,.F.);
#1430=ORIENTED_EDGE('',*,*,#1414,.F.);
#1432=ORIENTED_EDGE('',*,*,#1431,.F.);
#1434=ORIENTED_EDGE('',*,*,#1433,.F.);
#1436=ORIENTED_EDGE('',*,*,#1435,.F.);
#1437=EDGE_LOOP('',(#1428,#1429,#1430,#1432,#1434,#1436));
#1438=FACE_OUTER_BOUND('',#1437,.F.);
#1440=ORIENTED_EDGE('',*,*,#1439,.F.);
#1442=ORIENTED_EDGE('',*,*,#1441,.F.);
#1444=ORIENTED_EDGE('',*,*,#1443,.F.);
#1446=ORIENTED_EDGE('',*,*,#1445,.F.);
#1448=ORIENTED_EDGE('',*,*,#1447,.F.);
#1450=ORIENTED_EDGE('',*,*,#1449,.F.);
#1451=EDGE_LOOP('',(#1440,#1442,#1444,#1446,#1448,#1450));
#1452=FACE_BOUND('',#1451,.F.);
#1453=ADVANCED_FACE('',(#1438,#1452),#1427,.T.);
#1454=CARTESIAN_POINT('',(4.75E0,7.375261624711E0,-2.340613592693E0));
#1455=DIRECTION('',(7.071067811865E-1,3.535533905933E-1,-6.123724356958E-1));
#1456=DIRECTION('',(-7.071067811865E-1,3.535533905933E-1,-6.123724356958E-1));
#1457=AXIS2_PLACEMENT_3D('',#1454,#1455,#1456);
#1458=PLANE('',#1457);
#1460=ORIENTED_EDGE('',*,*,#1459,.F.);
#1462=ORIENTED_EDGE('',*,*,#1461,.T.);
#1463=ORIENTED_EDGE('',*,*,#1431,.T.);
#1464=ORIENTED_EDGE('',*,*,#1418,.F.);
#1465=EDGE_LOOP('',(#1460,#1462,#1463,#1464));
#1466=FACE_OUTER_BOUND('',#1465,.F.);
#1467=ADVANCED_FACE('',(#1466),#1458,.T.);
#1468=CARTESIAN_POINT('',(-5.E0,4.999986808838E0,-4.000654281631E0));
#1469=DIRECTION('',(0.E0,5.E-1,-8.660254037844E-1));
#1470=DIRECTION('',(0.E0,8.660254037844E-1,5.E-1));
#1471=AXIS2_PLACEMENT_3D('',#1468,#1469,#1470);
#1472=PLANE('',#1471);
#1473=ORIENTED_EDGE('',*,*,#1079,.T.);
#1474=ORIENTED_EDGE('',*,*,#1108,.T.);
#1475=ORIENTED_EDGE('',*,*,#1459,.T.);
#1476=ORIENTED_EDGE('',*,*,#1050,.F.);
#1477=EDGE_LOOP('',(#1473,#1474,#1475,#1476));
#1478=FACE_OUTER_BOUND('',#1477,.F.);
#1480=ORIENTED_EDGE('',*,*,#1479,.T.);
#1482=ORIENTED_EDGE('',*,*,#1481,.T.);
#1483=EDGE_LOOP('',(#1480,#1482));
#1484=FACE_BOUND('',#1483,.F.);
#1486=ORIENTED_EDGE('',*,*,#1485,.T.);
#1488=ORIENTED_EDGE('',*,*,#1487,.T.);
#1489=EDGE_LOOP('',(#1486,#1488));
#1490=FACE_BOUND('',#1489,.F.);
#1491=ADVANCED_FACE('',(#1478,#1484,#1490),#1472,.T.);
#1492=CARTESIAN_POINT('',(-2.5E0,7.835472931124E0,-2.363585605646E0));
#1493=DIRECTION('',(0.E0,5.E-1,-8.660254037844E-1));
#1494=DIRECTION('',(0.E0,8.660254037844E-1,5.E-1));
#1495=AXIS2_PLACEMENT_3D('',#1492,#1493,#1494);
#1496=CYLINDRICAL_SURFACE('',#1495,7.5E-1);
#1497=ORIENTED_EDGE('',*,*,#1479,.F.);
#1499=ORIENTED_EDGE('',*,*,#1498,.T.);
#1501=ORIENTED_EDGE('',*,*,#1500,.T.);
#1503=ORIENTED_EDGE('',*,*,#1502,.F.);
#1504=EDGE_LOOP('',(#1497,#1499,#1501,#1503));
#1505=FACE_OUTER_BOUND('',#1504,.F.);
#1506=ADVANCED_FACE('',(#1505),#1496,.F.);
#1507=CARTESIAN_POINT('',(-2.5E0,7.835472931124E0,-2.363585605646E0));
#1508=DIRECTION('',(0.E0,5.E-1,-8.660254037844E-1));
#1509=DIRECTION('',(0.E0,8.660254037844E-1,5.E-1));
#1510=AXIS2_PLACEMENT_3D('',#1507,#1508,#1509);
#1511=CYLINDRICAL_SURFACE('',#1510,7.5E-1);
#1512=ORIENTED_EDGE('',*,*,#1481,.F.);
#1513=ORIENTED_EDGE('',*,*,#1502,.T.);
#1515=ORIENTED_EDGE('',*,*,#1514,.T.);
#1516=ORIENTED_EDGE('',*,*,#1498,.F.);
#1517=EDGE_LOOP('',(#1512,#1513,#1515,#1516));
#1518=FACE_OUTER_BOUND('',#1517,.F.);
#1519=ADVANCED_FACE('',(#1518),#1511,.F.);
#1520=CARTESIAN_POINT('',(-5.E0,4.730964735237E0,-3.000654281631E0));
#1521=DIRECTION('',(0.E0,-5.E-1,8.660254037844E-1));
#1522=DIRECTION('',(0.E0,8.660254037844E-1,5.E-1));
#1523=AXIS2_PLACEMENT_3D('',#1520,#1521,#1522);
#1524=PLANE('',#1523);
#1526=ORIENTED_EDGE('',*,*,#1525,.T.);
#1528=ORIENTED_EDGE('',*,*,#1527,.T.);
#1530=ORIENTED_EDGE('',*,*,#1529,.F.);
#1532=ORIENTED_EDGE('',*,*,#1531,.F.);
#1533=EDGE_LOOP('',(#1526,#1528,#1530,#1532));
#1534=FACE_OUTER_BOUND('',#1533,.F.);
#1535=ORIENTED_EDGE('',*,*,#1500,.F.);
#1536=ORIENTED_EDGE('',*,*,#1514,.F.);
#1537=EDGE_LOOP('',(#1535,#1536));
#1538=FACE_BOUND('',#1537,.F.);
#1539=ADVANCED_FACE('',(#1534,#1538),#1524,.T.);
#1540=CARTESIAN_POINT('',(-4.875E0,6.928250587911E0,-1.876388270401E0));
#1541=DIRECTION('',(-7.071067811865E-1,-3.535533905933E-1,6.123724356958E-1));
#1542=DIRECTION('',(7.071067811865E-1,-3.535533905933E-1,6.123724356958E-1));
#1543=AXIS2_PLACEMENT_3D('',#1540,#1541,#1542);
#1544=PLANE('',#1543);
#1545=ORIENTED_EDGE('',*,*,#1525,.F.);
#1547=ORIENTED_EDGE('',*,*,#1546,.T.);
#1548=ORIENTED_EDGE('',*,*,#972,.T.);
#1550=ORIENTED_EDGE('',*,*,#1549,.F.);
#1551=EDGE_LOOP('',(#1545,#1547,#1548,#1550));
#1552=FACE_OUTER_BOUND('',#1551,.F.);
#1553=ADVANCED_FACE('',(#1552),#1544,.T.);
#1554=CARTESIAN_POINT('',(-4.875E0,-1.421085471520E-14,-3.125654281631E0));
#1555=DIRECTION('',(-7.071067811865E-1,0.E0,7.071067811865E-1));
#1556=DIRECTION('',(7.071067811865E-1,0.E0,7.071067811865E-1));
#1557=AXIS2_PLACEMENT_3D('',#1554,#1555,#1556);
#1558=PLANE('',#1557);
#1560=ORIENTED_EDGE('',*,*,#1559,.F.);
#1562=ORIENTED_EDGE('',*,*,#1561,.T.);
#1563=ORIENTED_EDGE('',*,*,#974,.T.);
#1564=ORIENTED_EDGE('',*,*,#1546,.F.);
#1565=EDGE_LOOP('',(#1560,#1562,#1563,#1564));
#1566=FACE_OUTER_BOUND('',#1565,.F.);
#1567=ADVANCED_FACE('',(#1566),#1558,.T.);
#1568=CARTESIAN_POINT('',(-5.E0,-4.730964735237E0,-3.000654281631E0));
#1569=DIRECTION('',(0.E0,0.E0,1.E0));
#1570=DIRECTION('',(0.E0,1.E0,0.E0));
#1571=AXIS2_PLACEMENT_3D('',#1568,#1569,#1570);
#1572=PLANE('',#1571);
#1573=ORIENTED_EDGE('',*,*,#1559,.T.);
#1574=ORIENTED_EDGE('',*,*,#1531,.T.);
#1576=ORIENTED_EDGE('',*,*,#1575,.F.);
#1578=ORIENTED_EDGE('',*,*,#1577,.F.);
#1579=EDGE_LOOP('',(#1573,#1574,#1576,#1578));
#1580=FACE_OUTER_BOUND('',#1579,.F.);
#1581=ADVANCED_FACE('',(#1580),#1572,.T.);
#1582=CARTESIAN_POINT('',(-1.E0,0.E0,0.E0));
#1583=DIRECTION('',(1.E0,0.E0,0.E0));
#1584=DIRECTION('',(0.E0,-1.E0,0.E0));
#1585=AXIS2_PLACEMENT_3D('',#1582,#1583,#1584);
#1586=PLANE('',#1585);
#1588=ORIENTED_EDGE('',*,*,#1587,.T.);
#1590=ORIENTED_EDGE('',*,*,#1589,.T.);
#1592=ORIENTED_EDGE('',*,*,#1591,.T.);
#1593=ORIENTED_EDGE('',*,*,#1575,.T.);
#1594=ORIENTED_EDGE('',*,*,#1529,.T.);
#1596=ORIENTED_EDGE('',*,*,#1595,.T.);
#1597=EDGE_LOOP('',(#1588,#1590,#1592,#1593,#1594,#1596));
#1598=FACE_OUTER_BOUND('',#1597,.F.);
#1599=ADVANCED_FACE('',(#1598),#1586,.F.);
#1600=CARTESIAN_POINT('',(-5.E0,9.000536440585E0,2.999345718369E0));
#1601=DIRECTION('',(0.E0,0.E0,-1.E0));
#1602=DIRECTION('',(0.E0,-1.E0,0.E0));
#1603=AXIS2_PLACEMENT_3D('',#1600,#1601,#1602);
#1604=PLANE('',#1603);
#1606=ORIENTED_EDGE('',*,*,#1605,.T.);
#1608=ORIENTED_EDGE('',*,*,#1607,.T.);
#1609=ORIENTED_EDGE('',*,*,#1587,.F.);
#1611=ORIENTED_EDGE('',*,*,#1610,.F.);
#1612=EDGE_LOOP('',(#1606,#1608,#1609,#1611));
#1613=FACE_OUTER_BOUND('',#1612,.F.);
#1614=ADVANCED_FACE('',(#1613),#1604,.T.);
#1615=CARTESIAN_POINT('',(-4.875E0,-1.421085471520E-14,3.124345718369E0));
#1616=DIRECTION('',(-7.071067811865E-1,0.E0,-7.071067811865E-1));
#1617=DIRECTION('',(7.071067811865E-1,0.E0,-7.071067811865E-1));
#1618=AXIS2_PLACEMENT_3D('',#1615,#1616,#1617);
#1619=PLANE('',#1618);
#1620=ORIENTED_EDGE('',*,*,#1605,.F.);
#1622=ORIENTED_EDGE('',*,*,#1621,.T.);
#1623=ORIENTED_EDGE('',*,*,#980,.T.);
#1625=ORIENTED_EDGE('',*,*,#1624,.F.);
#1626=EDGE_LOOP('',(#1620,#1622,#1623,#1625));
#1627=FACE_OUTER_BOUND('',#1626,.F.);
#1628=ADVANCED_FACE('',(#1627),#1619,.T.);
#1629=CARTESIAN_POINT('',(-4.875E0,9.125536440585E0,1.231864905072E0));
#1630=DIRECTION('',(-7.071067811865E-1,-7.071067811865E-1,0.E0));
#1631=DIRECTION('',(7.071067811865E-1,-7.071067811865E-1,0.E0));
#1632=AXIS2_PLACEMENT_3D('',#1629,#1630,#1631);
#1633=PLANE('',#1632);
#1634=ORIENTED_EDGE('',*,*,#970,.T.);
#1635=ORIENTED_EDGE('',*,*,#1621,.F.);
#1637=ORIENTED_EDGE('',*,*,#1636,.F.);
#1638=ORIENTED_EDGE('',*,*,#1549,.T.);
#1639=EDGE_LOOP('',(#1634,#1635,#1637,#1638));
#1640=FACE_OUTER_BOUND('',#1639,.F.);
#1641=ADVANCED_FACE('',(#1640),#1633,.T.);
#1642=CARTESIAN_POINT('',(-5.E0,9.000536440585E0,-5.356159082245E-1));
#1643=DIRECTION('',(0.E0,-1.E0,0.E0));
#1644=DIRECTION('',(0.E0,0.E0,1.E0));
#1645=AXIS2_PLACEMENT_3D('',#1642,#1643,#1644);
#1646=PLANE('',#1645);
#1647=ORIENTED_EDGE('',*,*,#1636,.T.);
#1648=ORIENTED_EDGE('',*,*,#1610,.T.);
#1649=ORIENTED_EDGE('',*,*,#1595,.F.);
#1650=ORIENTED_EDGE('',*,*,#1527,.F.);
#1651=EDGE_LOOP('',(#1647,#1648,#1649,#1650));
#1652=FACE_OUTER_BOUND('',#1651,.F.);
#1653=ADVANCED_FACE('',(#1652),#1646,.T.);
#1654=CARTESIAN_POINT('',(-4.875E0,-9.125536440585E0,1.231864905072E0));
#1655=DIRECTION('',(-7.071067811865E-1,7.071067811865E-1,0.E0));
#1656=DIRECTION('',(7.071067811865E-1,7.071067811865E-1,0.E0));
#1657=AXIS2_PLACEMENT_3D('',#1654,#1655,#1656);
#1658=PLANE('',#1657);
#1660=ORIENTED_EDGE('',*,*,#1659,.F.);
#1661=ORIENTED_EDGE('',*,*,#1624,.T.);
#1662=ORIENTED_EDGE('',*,*,#978,.T.);
#1664=ORIENTED_EDGE('',*,*,#1663,.F.);
#1665=EDGE_LOOP('',(#1660,#1661,#1662,#1664));
#1666=FACE_OUTER_BOUND('',#1665,.F.);
#1667=ADVANCED_FACE('',(#1666),#1658,.T.);
#1668=CARTESIAN_POINT('',(-5.E0,-9.000536440585E0,2.999345718369E0));
#1669=DIRECTION('',(0.E0,1.E0,0.E0));
#1670=DIRECTION('',(0.E0,0.E0,-1.E0));
#1671=AXIS2_PLACEMENT_3D('',#1668,#1669,#1670);
#1672=PLANE('',#1671);
#1673=ORIENTED_EDGE('',*,*,#1659,.T.);
#1675=ORIENTED_EDGE('',*,*,#1674,.T.);
#1676=ORIENTED_EDGE('',*,*,#1589,.F.);
#1677=ORIENTED_EDGE('',*,*,#1607,.F.);
#1678=EDGE_LOOP('',(#1673,#1675,#1676,#1677));
#1679=FACE_OUTER_BOUND('',#1678,.F.);
#1680=ADVANCED_FACE('',(#1679),#1672,.T.);
#1681=CARTESIAN_POINT('',(-5.E0,-9.000536440585E0,-5.356159082245E-1));
#1682=DIRECTION('',(0.E0,5.E-1,8.660254037844E-1));
#1683=DIRECTION('',(0.E0,8.660254037844E-1,-5.E-1));
#1684=AXIS2_PLACEMENT_3D('',#1681,#1682,#1683);
#1685=PLANE('',#1684);
#1687=ORIENTED_EDGE('',*,*,#1686,.T.);
#1688=ORIENTED_EDGE('',*,*,#1577,.T.);
#1689=ORIENTED_EDGE('',*,*,#1591,.F.);
#1690=ORIENTED_EDGE('',*,*,#1674,.F.);
#1691=EDGE_LOOP('',(#1687,#1688,#1689,#1690));
#1692=FACE_OUTER_BOUND('',#1691,.F.);
#1694=ORIENTED_EDGE('',*,*,#1693,.F.);
#1696=ORIENTED_EDGE('',*,*,#1695,.F.);
#1697=EDGE_LOOP('',(#1694,#1696));
#1698=FACE_BOUND('',#1697,.F.);
#1699=ADVANCED_FACE('',(#1692,#1698),#1685,.T.);
#1700=CARTESIAN_POINT('',(-4.875E0,-6.928250587911E0,-1.876388270401E0));
#1701=DIRECTION('',(-7.071067811865E-1,3.535533905933E-1,6.123724356958E-1));
#1702=DIRECTION('',(7.071067811865E-1,3.535533905933E-1,6.123724356958E-1));
#1703=AXIS2_PLACEMENT_3D('',#1700,#1701,#1702);
#1704=PLANE('',#1703);
#1705=ORIENTED_EDGE('',*,*,#1686,.F.);
#1706=ORIENTED_EDGE('',*,*,#1663,.T.);
#1707=ORIENTED_EDGE('',*,*,#976,.T.);
#1708=ORIENTED_EDGE('',*,*,#1561,.F.);
#1709=EDGE_LOOP('',(#1705,#1706,#1707,#1708));
#1710=FACE_OUTER_BOUND('',#1709,.F.);
#1711=ADVANCED_FACE('',(#1710),#1704,.T.);
#1712=CARTESIAN_POINT('',(-2.5E0,-7.834400049954E0,-2.363585605646E0));
#1713=DIRECTION('',(0.E0,-5.E-1,-8.660254037844E-1));
#1714=DIRECTION('',(-1.E0,0.E0,0.E0));
#1715=AXIS2_PLACEMENT_3D('',#1712,#1713,#1714);
#1716=CYLINDRICAL_SURFACE('',#1715,7.5E-1);
#1717=ORIENTED_EDGE('',*,*,#1360,.F.);
#1719=ORIENTED_EDGE('',*,*,#1718,.T.);
#1720=ORIENTED_EDGE('',*,*,#1693,.T.);
#1722=ORIENTED_EDGE('',*,*,#1721,.F.);
#1723=EDGE_LOOP('',(#1717,#1719,#1720,#1722));
#1724=FACE_OUTER_BOUND('',#1723,.F.);
#1725=ADVANCED_FACE('',(#1724),#1716,.F.);
#1726=CARTESIAN_POINT('',(-2.5E0,-7.834400049954E0,-2.363585605646E0));
#1727=DIRECTION('',(0.E0,-5.E-1,-8.660254037844E-1));
#1728=DIRECTION('',(-1.E0,0.E0,0.E0));
#1729=AXIS2_PLACEMENT_3D('',#1726,#1727,#1728);
#1730=CYLINDRICAL_SURFACE('',#1729,7.5E-1);
#1731=ORIENTED_EDGE('',*,*,#1362,.F.);
#1732=ORIENTED_EDGE('',*,*,#1721,.T.);
#1733=ORIENTED_EDGE('',*,*,#1695,.T.);
#1734=ORIENTED_EDGE('',*,*,#1718,.F.);
#1735=EDGE_LOOP('',(#1731,#1732,#1733,#1734));
#1736=FACE_OUTER_BOUND('',#1735,.F.);
#1737=ADVANCED_FACE('',(#1736),#1730,.F.);
#1738=CARTESIAN_POINT('',(2.5E0,7.835472931124E0,-2.363585605646E0));
#1739=DIRECTION('',(0.E0,5.E-1,-8.660254037844E-1));
#1740=DIRECTION('',(0.E0,8.660254037844E-1,5.E-1));
#1741=AXIS2_PLACEMENT_3D('',#1738,#1739,#1740);
#1742=CYLINDRICAL_SURFACE('',#1741,7.5E-1);
#1743=ORIENTED_EDGE('',*,*,#1485,.F.);
#1745=ORIENTED_EDGE('',*,*,#1744,.T.);
#1747=ORIENTED_EDGE('',*,*,#1746,.T.);
#1749=ORIENTED_EDGE('',*,*,#1748,.F.);
#1750=EDGE_LOOP('',(#1743,#1745,#1747,#1749));
#1751=FACE_OUTER_BOUND('',#1750,.F.);
#1752=ADVANCED_FACE('',(#1751),#1742,.F.);
#1753=CARTESIAN_POINT('',(2.5E0,7.835472931124E0,-2.363585605646E0));
#1754=DIRECTION('',(0.E0,5.E-1,-8.660254037844E-1));
#1755=DIRECTION('',(0.E0,8.660254037844E-1,5.E-1));
#1756=AXIS2_PLACEMENT_3D('',#1753,#1754,#1755);
#1757=CYLINDRICAL_SURFACE('',#1756,7.5E-1);
#1758=ORIENTED_EDGE('',*,*,#1487,.F.);
#1759=ORIENTED_EDGE('',*,*,#1748,.T.);
#1761=ORIENTED_EDGE('',*,*,#1760,.T.);
#1762=ORIENTED_EDGE('',*,*,#1744,.F.);
#1763=EDGE_LOOP('',(#1758,#1759,#1761,#1762));
#1764=FACE_OUTER_BOUND('',#1763,.F.);
#1765=ADVANCED_FACE('',(#1764),#1757,.F.);
#1766=CARTESIAN_POINT('',(5.E0,4.730964735237E0,-3.000654281631E0));
#1767=DIRECTION('',(0.E0,5.E-1,-8.660254037844E-1));
#1768=DIRECTION('',(0.E0,8.660254037844E-1,5.E-1));
#1769=AXIS2_PLACEMENT_3D('',#1766,#1767,#1768);
#1770=PLANE('',#1769);
#1772=ORIENTED_EDGE('',*,*,#1771,.T.);
#1774=ORIENTED_EDGE('',*,*,#1773,.T.);
#1776=ORIENTED_EDGE('',*,*,#1775,.T.);
#1778=ORIENTED_EDGE('',*,*,#1777,.F.);
#1779=EDGE_LOOP('',(#1772,#1774,#1776,#1778));
#1780=FACE_OUTER_BOUND('',#1779,.F.);
#1781=ORIENTED_EDGE('',*,*,#1746,.F.);
#1782=ORIENTED_EDGE('',*,*,#1760,.F.);
#1783=EDGE_LOOP('',(#1781,#1782));
#1784=FACE_BOUND('',#1783,.F.);
#1785=ADVANCED_FACE('',(#1780,#1784),#1770,.F.);
#1786=CARTESIAN_POINT('',(4.875E0,6.928250587911E0,-1.876388270401E0));
#1787=DIRECTION('',(7.071067811865E-1,-3.535533905933E-1,6.123724356958E-1));
#1788=DIRECTION('',(-7.071067811865E-1,-3.535533905933E-1,6.123724356958E-1));
#1789=AXIS2_PLACEMENT_3D('',#1786,#1787,#1788);
#1790=PLANE('',#1789);
#1791=ORIENTED_EDGE('',*,*,#1439,.T.);
#1793=ORIENTED_EDGE('',*,*,#1792,.F.);
#1794=ORIENTED_EDGE('',*,*,#1771,.F.);
#1796=ORIENTED_EDGE('',*,*,#1795,.T.);
#1797=EDGE_LOOP('',(#1791,#1793,#1794,#1796));
#1798=FACE_OUTER_BOUND('',#1797,.F.);
#1799=ADVANCED_FACE('',(#1798),#1790,.T.);
#1800=CARTESIAN_POINT('',(4.875E0,0.E0,-3.125654281631E0));
#1801=DIRECTION('',(7.071067811865E-1,0.E0,7.071067811865E-1));
#1802=DIRECTION('',(-7.071067811865E-1,0.E0,7.071067811865E-1));
#1803=AXIS2_PLACEMENT_3D('',#1800,#1801,#1802);
#1804=PLANE('',#1803);
#1805=ORIENTED_EDGE('',*,*,#1449,.T.);
#1807=ORIENTED_EDGE('',*,*,#1806,.F.);
#1809=ORIENTED_EDGE('',*,*,#1808,.F.);
#1810=ORIENTED_EDGE('',*,*,#1792,.T.);
#1811=EDGE_LOOP('',(#1805,#1807,#1809,#1810));
#1812=FACE_OUTER_BOUND('',#1811,.F.);
#1813=ADVANCED_FACE('',(#1812),#1804,.T.);
#1814=CARTESIAN_POINT('',(4.875E0,-6.928250587911E0,-1.876388270401E0));
#1815=DIRECTION('',(7.071067811865E-1,3.535533905933E-1,6.123724356958E-1));
#1816=DIRECTION('',(-7.071067811865E-1,3.535533905933E-1,6.123724356958E-1));
#1817=AXIS2_PLACEMENT_3D('',#1814,#1815,#1816);
#1818=PLANE('',#1817);
#1819=ORIENTED_EDGE('',*,*,#1447,.T.);
#1821=ORIENTED_EDGE('',*,*,#1820,.F.);
#1823=ORIENTED_EDGE('',*,*,#1822,.F.);
#1824=ORIENTED_EDGE('',*,*,#1806,.T.);
#1825=EDGE_LOOP('',(#1819,#1821,#1823,#1824));
#1826=FACE_OUTER_BOUND('',#1825,.F.);
#1827=ADVANCED_FACE('',(#1826),#1818,.T.);
#1828=CARTESIAN_POINT('',(4.875E0,-9.125536440585E0,1.231864905072E0));
#1829=DIRECTION('',(7.071067811865E-1,7.071067811865E-1,0.E0));
#1830=DIRECTION('',(-7.071067811865E-1,7.071067811865E-1,0.E0));
#1831=AXIS2_PLACEMENT_3D('',#1828,#1829,#1830);
#1832=PLANE('',#1831);
#1833=ORIENTED_EDGE('',*,*,#1445,.T.);
#1835=ORIENTED_EDGE('',*,*,#1834,.F.);
#1837=ORIENTED_EDGE('',*,*,#1836,.F.);
#1838=ORIENTED_EDGE('',*,*,#1820,.T.);
#1839=EDGE_LOOP('',(#1833,#1835,#1837,#1838));
#1840=FACE_OUTER_BOUND('',#1839,.F.);
#1841=ADVANCED_FACE('',(#1840),#1832,.T.);
#1842=CARTESIAN_POINT('',(4.875E0,0.E0,3.124345718369E0));
#1843=DIRECTION('',(7.071067811865E-1,0.E0,-7.071067811865E-1));
#1844=DIRECTION('',(-7.071067811865E-1,0.E0,-7.071067811865E-1));
#1845=AXIS2_PLACEMENT_3D('',#1842,#1843,#1844);
#1846=PLANE('',#1845);
#1848=ORIENTED_EDGE('',*,*,#1847,.F.);
#1849=ORIENTED_EDGE('',*,*,#1834,.T.);
#1850=ORIENTED_EDGE('',*,*,#1443,.T.);
#1852=ORIENTED_EDGE('',*,*,#1851,.F.);
#1853=EDGE_LOOP('',(#1848,#1849,#1850,#1852));
#1854=FACE_OUTER_BOUND('',#1853,.F.);
#1855=ADVANCED_FACE('',(#1854),#1846,.T.);
#1856=CARTESIAN_POINT('',(5.E0,9.000536440585E0,2.999345718369E0));
#1857=DIRECTION('',(0.E0,0.E0,1.E0));
#1858=DIRECTION('',(0.E0,-1.E0,0.E0));
#1859=AXIS2_PLACEMENT_3D('',#1856,#1857,#1858);
#1860=PLANE('',#1859);
#1861=ORIENTED_EDGE('',*,*,#1847,.T.);
#1863=ORIENTED_EDGE('',*,*,#1862,.T.);
#1865=ORIENTED_EDGE('',*,*,#1864,.T.);
#1867=ORIENTED_EDGE('',*,*,#1866,.F.);
#1868=EDGE_LOOP('',(#1861,#1863,#1865,#1867));
#1869=FACE_OUTER_BOUND('',#1868,.F.);
#1870=ADVANCED_FACE('',(#1869),#1860,.F.);
#1871=CARTESIAN_POINT('',(5.E0,9.000536440585E0,-5.356159082245E-1));
#1872=DIRECTION('',(0.E0,1.E0,0.E0));
#1873=DIRECTION('',(0.E0,0.E0,1.E0));
#1874=AXIS2_PLACEMENT_3D('',#1871,#1872,#1873);
#1875=PLANE('',#1874);
#1877=ORIENTED_EDGE('',*,*,#1876,.T.);
#1878=ORIENTED_EDGE('',*,*,#1777,.T.);
#1880=ORIENTED_EDGE('',*,*,#1879,.T.);
#1881=ORIENTED_EDGE('',*,*,#1862,.F.);
#1882=EDGE_LOOP('',(#1877,#1878,#1880,#1881));
#1883=FACE_OUTER_BOUND('',#1882,.F.);
#1884=ADVANCED_FACE('',(#1883),#1875,.F.);
#1885=CARTESIAN_POINT('',(4.875E0,9.125536440585E0,1.231864905072E0));
#1886=DIRECTION('',(7.071067811865E-1,-7.071067811865E-1,0.E0));
#1887=DIRECTION('',(-7.071067811865E-1,-7.071067811865E-1,0.E0));
#1888=AXIS2_PLACEMENT_3D('',#1885,#1886,#1887);
#1889=PLANE('',#1888);
#1890=ORIENTED_EDGE('',*,*,#1876,.F.);
#1891=ORIENTED_EDGE('',*,*,#1851,.T.);
#1892=ORIENTED_EDGE('',*,*,#1441,.T.);
#1893=ORIENTED_EDGE('',*,*,#1795,.F.);
#1894=EDGE_LOOP('',(#1890,#1891,#1892,#1893));
#1895=FACE_OUTER_BOUND('',#1894,.F.);
#1896=ADVANCED_FACE('',(#1895),#1889,.T.);
#1897=CARTESIAN_POINT('',(1.E0,0.E0,0.E0));
#1898=DIRECTION('',(1.E0,0.E0,0.E0));
#1899=DIRECTION('',(0.E0,-1.E0,0.E0));
#1900=AXIS2_PLACEMENT_3D('',#1897,#1898,#1899);
#1901=PLANE('',#1900);
#1902=ORIENTED_EDGE('',*,*,#1864,.F.);
#1903=ORIENTED_EDGE('',*,*,#1879,.F.);
#1904=ORIENTED_EDGE('',*,*,#1775,.F.);
#1906=ORIENTED_EDGE('',*,*,#1905,.F.);
#1908=ORIENTED_EDGE('',*,*,#1907,.F.);
#1910=ORIENTED_EDGE('',*,*,#1909,.F.);
#1911=EDGE_LOOP('',(#1902,#1903,#1904,#1906,#1908,#1910));
#1912=FACE_OUTER_BOUND('',#1911,.F.);
#1913=ADVANCED_FACE('',(#1912),#1901,.T.);
#1914=CARTESIAN_POINT('',(5.E0,-4.730964735237E0,-3.000654281631E0));
#1915=DIRECTION('',(0.E0,0.E0,-1.E0));
#1916=DIRECTION('',(0.E0,1.E0,0.E0));
#1917=AXIS2_PLACEMENT_3D('',#1914,#1915,#1916);
#1918=PLANE('',#1917);
#1919=ORIENTED_EDGE('',*,*,#1808,.T.);
#1921=ORIENTED_EDGE('',*,*,#1920,.T.);
#1922=ORIENTED_EDGE('',*,*,#1905,.T.);
#1923=ORIENTED_EDGE('',*,*,#1773,.F.);
#1924=EDGE_LOOP('',(#1919,#1921,#1922,#1923));
#1925=FACE_OUTER_BOUND('',#1924,.F.);
#1926=ADVANCED_FACE('',(#1925),#1918,.F.);
#1927=CARTESIAN_POINT('',(5.E0,-9.000536440585E0,-5.356159082245E-1));
#1928=DIRECTION('',(0.E0,-5.E-1,-8.660254037844E-1));
#1929=DIRECTION('',(0.E0,8.660254037844E-1,-5.E-1));
#1930=AXIS2_PLACEMENT_3D('',#1927,#1928,#1929);
#1931=PLANE('',#1930);
#1932=ORIENTED_EDGE('',*,*,#1822,.T.);
#1934=ORIENTED_EDGE('',*,*,#1933,.T.);
#1935=ORIENTED_EDGE('',*,*,#1907,.T.);
#1936=ORIENTED_EDGE('',*,*,#1920,.F.);
#1937=EDGE_LOOP('',(#1932,#1934,#1935,#1936));
#1938=FACE_OUTER_BOUND('',#1937,.F.);
#1940=ORIENTED_EDGE('',*,*,#1939,.F.);
#1942=ORIENTED_EDGE('',*,*,#1941,.F.);
#1943=EDGE_LOOP('',(#1940,#1942));
#1944=FACE_BOUND('',#1943,.F.);
#1945=ADVANCED_FACE('',(#1938,#1944),#1931,.F.);
#1946=CARTESIAN_POINT('',(5.E0,-9.000536440585E0,2.999345718369E0));
#1947=DIRECTION('',(0.E0,-1.E0,0.E0));
#1948=DIRECTION('',(0.E0,0.E0,-1.E0));
#1949=AXIS2_PLACEMENT_3D('',#1946,#1947,#1948);
#1950=PLANE('',#1949);
#1951=ORIENTED_EDGE('',*,*,#1836,.T.);
#1952=ORIENTED_EDGE('',*,*,#1866,.T.);
#1953=ORIENTED_EDGE('',*,*,#1909,.T.);
#1954=ORIENTED_EDGE('',*,*,#1933,.F.);
#1955=EDGE_LOOP('',(#1951,#1952,#1953,#1954));
#1956=FACE_OUTER_BOUND('',#1955,.F.);
#1957=ADVANCED_FACE('',(#1956),#1950,.F.);
#1958=CARTESIAN_POINT('',(2.5E0,-7.834400049954E0,-2.363585605646E0));
#1959=DIRECTION('',(0.E0,-5.E-1,-8.660254037844E-1));
#1960=DIRECTION('',(-1.E0,0.E0,0.E0));
#1961=AXIS2_PLACEMENT_3D('',#1958,#1959,#1960);
#1962=CYLINDRICAL_SURFACE('',#1961,7.5E-1);
#1963=ORIENTED_EDGE('',*,*,#1354,.F.);
#1965=ORIENTED_EDGE('',*,*,#1964,.T.);
#1966=ORIENTED_EDGE('',*,*,#1939,.T.);
#1968=ORIENTED_EDGE('',*,*,#1967,.F.);
#1969=EDGE_LOOP('',(#1963,#1965,#1966,#1968));
#1970=FACE_OUTER_BOUND('',#1969,.F.);
#1971=ADVANCED_FACE('',(#1970),#1962,.F.);
#1972=CARTESIAN_POINT('',(2.5E0,-7.834400049954E0,-2.363585605646E0));
#1973=DIRECTION('',(0.E0,-5.E-1,-8.660254037844E-1));
#1974=DIRECTION('',(-1.E0,0.E0,0.E0));
#1975=AXIS2_PLACEMENT_3D('',#1972,#1973,#1974);
#1976=CYLINDRICAL_SURFACE('',#1975,7.5E-1);
#1977=ORIENTED_EDGE('',*,*,#1356,.F.);
#1978=ORIENTED_EDGE('',*,*,#1967,.T.);
#1979=ORIENTED_EDGE('',*,*,#1941,.T.);
#1980=ORIENTED_EDGE('',*,*,#1964,.F.);
#1981=EDGE_LOOP('',(#1977,#1978,#1979,#1980));
#1982=FACE_OUTER_BOUND('',#1981,.F.);
#1983=ADVANCED_FACE('',(#1982),#1976,.F.);
#1984=CARTESIAN_POINT('',(4.75E0,5.364405847903E-4,-3.750654281631E0));
#1985=DIRECTION('',(7.071067811865E-1,0.E0,-7.071067811865E-1));
#1986=DIRECTION('',(-7.071067811865E-1,0.E0,-7.071067811865E-1));
#1987=AXIS2_PLACEMENT_3D('',#1984,#1985,#1986);
#1988=PLANE('',#1987);
#1989=ORIENTED_EDGE('',*,*,#1106,.F.);
#1991=ORIENTED_EDGE('',*,*,#1990,.T.);
#1992=ORIENTED_EDGE('',*,*,#1433,.T.);
#1993=ORIENTED_EDGE('',*,*,#1461,.F.);
#1994=EDGE_LOOP('',(#1989,#1991,#1992,#1993));
#1995=FACE_OUTER_BOUND('',#1994,.F.);
#1996=ADVANCED_FACE('',(#1995),#1988,.T.);
#1997=CARTESIAN_POINT('',(4.75E0,-7.374188743542E0,-2.340613592693E0));
#1998=DIRECTION('',(7.071067811865E-1,-3.535533905933E-1,-6.123724356958E-1));
#1999=DIRECTION('',(-7.071067811865E-1,-3.535533905933E-1,-6.123724356958E-1));
#2000=AXIS2_PLACEMENT_3D('',#1997,#1998,#1999);
#2001=PLANE('',#2000);
#2002=ORIENTED_EDGE('',*,*,#1349,.F.);
#2003=ORIENTED_EDGE('',*,*,#1390,.T.);
#2004=ORIENTED_EDGE('',*,*,#1435,.T.);
#2005=ORIENTED_EDGE('',*,*,#1990,.F.);
#2006=EDGE_LOOP('',(#2002,#2003,#2004,#2005));
#2007=FACE_OUTER_BOUND('',#2006,.F.);
#2008=ADVANCED_FACE('',(#2007),#2001,.T.);
#2011=DIMENSIONAL_EXPONENTS(1.E0,0.E0,0.E0,0.E0,0.E0,0.E0,0.E0);
#2013=LENGTH_MEASURE_WITH_UNIT(LENGTH_MEASURE(2.54E1),#2012);
#2014=(CONVERSION_BASED_UNIT('INCH',#2013)LENGTH_UNIT()NAMED_UNIT(#2011));
#2015=DIMENSIONAL_EXPONENTS(0.E0,0.E0,0.E0,0.E0,0.E0,0.E0,0.E0);
#2017=PLANE_ANGLE_MEASURE_WITH_UNIT(PLANE_ANGLE_MEASURE(1.745329251994E-2),
#2016);
#2018=(CONVERSION_BASED_UNIT('DEGREE',#2017)NAMED_UNIT(*)PLANE_ANGLE_UNIT());
#2020=UNCERTAINTY_MEASURE_WITH_UNIT(LENGTH_MEASURE(3.9E-4),#2014,'closure',
'Maximum model space distance between geometric entities at asserted connectivities');
#2021=(GEOMETRIC_REPRESENTATION_CONTEXT(3)GLOBAL_UNCERTAINTY_ASSIGNED_CONTEXT((
#2020))GLOBAL_UNIT_ASSIGNED_CONTEXT((#2014,#2018,#2019))REPRESENTATION_CONTEXT(
'ID1','3'));
#2023=APPLICATION_CONTEXT(
'CONFIGURATION CONTROLLED 3D DESIGNS OF MECHANICAL PARTS AND ASSEMBLIES');
#2024=APPLICATION_PROTOCOL_DEFINITION('international standard',
'config_control_design',1994,#2023);
#2025=DESIGN_CONTEXT('',#2023,'design');
#2026=MECHANICAL_CONTEXT('',#2023,'mechanical');
#2027=PRODUCT('CH8','CH8','NOT SPECIFIED',(#2026));
#2028=PRODUCT_DEFINITION_FORMATION_WITH_SPECIFIED_SOURCE('8','LAST_VERSION',
#2027,.MADE.);
#2032=PRODUCT_CATEGORY('part','');
#2033=PRODUCT_RELATED_PRODUCT_CATEGORY('detail','',(#2027));
#2034=PRODUCT_CATEGORY_RELATIONSHIP('','',#2032,#2033);
#2035=SECURITY_CLASSIFICATION_LEVEL('unclassified');
#2036=SECURITY_CLASSIFICATION('','',#2035);
#2037=CC_DESIGN_SECURITY_CLASSIFICATION(#2036,(#2028));
#2038=APPROVAL_STATUS('approved');
#2039=APPROVAL(#2038,'');
#2040=CC_DESIGN_APPROVAL(#2039,(#2036,#2028,#2029));
#2041=CALENDAR_DATE(126,29,7);
#2042=COORDINATED_UNIVERSAL_TIME_OFFSET(4,0,.BEHIND.);
#2043=LOCAL_TIME(2,59,1.5E1,#2042);
#2044=DATE_AND_TIME(#2041,#2043);
#2045=APPROVAL_DATE_TIME(#2044,#2039);
#2046=DATE_TIME_ROLE('creation_date');
#2047=CC_DESIGN_DATE_AND_TIME_ASSIGNMENT(#2044,#2046,(#2029));
#2048=DATE_TIME_ROLE('classification_date');
#2049=CC_DESIGN_DATE_AND_TIME_ASSIGNMENT(#2044,#2048,(#2036));
#2050=PERSON('UNSPECIFIED','UNSPECIFIED',$,$,$,$);
#2051=ORGANIZATION('UNSPECIFIED','UNSPECIFIED','UNSPECIFIED');
#2052=PERSON_AND_ORGANIZATION(#2050,#2051);
#2053=APPROVAL_ROLE('approver');
#2054=APPROVAL_PERSON_ORGANIZATION(#2052,#2039,#2053);
#2055=PERSON_AND_ORGANIZATION_ROLE('creator');
#2056=CC_DESIGN_PERSON_AND_ORGANIZATION_ASSIGNMENT(#2052,#2055,(#2028,#2029));
#2057=PERSON_AND_ORGANIZATION_ROLE('design_supplier');
#2058=CC_DESIGN_PERSON_AND_ORGANIZATION_ASSIGNMENT(#2052,#2057,(#2028));
#2059=PERSON_AND_ORGANIZATION_ROLE('classification_officer');
#2060=CC_DESIGN_PERSON_AND_ORGANIZATION_ASSIGNMENT(#2052,#2059,(#2036));
#2061=PERSON_AND_ORGANIZATION_ROLE('design_owner');
#2062=CC_DESIGN_PERSON_AND_ORGANIZATION_ASSIGNMENT(#2052,#2061,(#2027));
#101=CIRCLE('',#100,3.499999998081E0);
#106=CIRCLE('',#105,3.499999998082E0);
#123=CIRCLE('',#122,5.E-1);
#128=CIRCLE('',#127,5.E-1);
#179=B_SPLINE_CURVE_WITH_KNOTS('',3,(#129,#130,#131,#132,#133,#134,#135,#136,
#137,#138,#139,#140,#141,#142,#143,#144,#145,#146,#147,#148,#149,#150,#151,#152,
#153,#154,#155,#156,#157,#158,#159,#160,#161,#162,#163,#164,#165,#166,#167,#168,
#169,#170,#171,#172,#173,#174,#175,#176,#177,#178),.UNSPECIFIED.,.F.,.F.,(4,1,1,
1,1,1,1,1,1,1,1,1,1,1,1,1,1,1,1,1,1,1,1,1,1,1,1,1,1,1,1,1,1,1,1,1,1,1,1,1,1,1,1,
1,1,1,1,4),(0.E0,2.127659574468E-2,4.255319148936E-2,6.382978723404E-2,
8.510638297872E-2,1.063829787234E-1,1.276595744681E-1,1.489361702128E-1,
1.702127659574E-1,1.914893617021E-1,2.127659574468E-1,2.340425531915E-1,
2.553191489362E-1,2.765957446809E-1,2.978723404255E-1,3.191489361702E-1,
3.404255319149E-1,3.617021276596E-1,3.829787234043E-1,4.042553191489E-1,
4.255319148936E-1,4.468085106383E-1,4.680851063830E-1,4.893617021277E-1,
5.106382978723E-1,5.319148936170E-1,5.531914893617E-1,5.744680851064E-1,
5.957446808511E-1,6.170212765957E-1,6.382978723404E-1,6.595744680851E-1,
6.808510638298E-1,7.021276595745E-1,7.234042553191E-1,7.446808510638E-1,
7.659574468085E-1,7.872340425532E-1,8.085106382979E-1,8.297872340426E-1,
8.510638297872E-1,8.723404255319E-1,8.936170212766E-1,9.148936170213E-1,
9.361702127660E-1,9.574468085106E-1,9.787234042553E-1,1.E0),.UNSPECIFIED.);
#238=B_SPLINE_CURVE_WITH_KNOTS('',3,(#188,#189,#190,#191,#192,#193,#194,#195,
#196,#197,#198,#199,#200,#201,#202,#203,#204,#205,#206,#207,#208,#209,#210,#211,
#212,#213,#214,#215,#216,#217,#218,#219,#220,#221,#222,#223,#224,#225,#226,#227,
#228,#229,#230,#231,#232,#233,#234,#235,#236,#237),.UNSPECIFIED.,.F.,.F.,(4,1,1,
1,1,1,1,1,1,1,1,1,1,1,1,1,1,1,1,1,1,1,1,1,1,1,1,1,1,1,1,1,1,1,1,1,1,1,1,1,1,1,1,
1,1,1,1,4),(0.E0,2.127659574468E-2,4.255319148936E-2,6.382978723404E-2,
8.510638297872E-2,1.063829787234E-1,1.276595744681E-1,1.489361702128E-1,
1.702127659574E-1,1.914893617021E-1,2.127659574468E-1,2.340425531915E-1,
2.553191489362E-1,2.765957446809E-1,2.978723404255E-1,3.191489361702E-1,
3.404255319149E-1,3.617021276596E-1,3.829787234043E-1,4.042553191489E-1,
4.255319148936E-1,4.468085106383E-1,4.680851063830E-1,4.893617021277E-1,
5.106382978723E-1,5.319148936170E-1,5.531914893617E-1,5.744680851064E-1,
5.957446808511E-1,6.170212765957E-1,6.382978723404E-1,6.595744680851E-1,
6.808510638298E-1,7.021276595745E-1,7.234042553191E-1,7.446808510638E-1,
7.659574468085E-1,7.872340425532E-1,8.085106382979E-1,8.297872340426E-1,
8.510638297872E-1,8.723404255319E-1,8.936170212766E-1,9.148936170213E-1,
9.361702127660E-1,9.574468085106E-1,9.787234042553E-1,1.E0),.UNSPECIFIED.);
#243=CIRCLE('',#242,2.999964235376E0);
#252=CIRCLE('',#251,2.999964235376E0);
#265=CIRCLE('',#264,1.000286101006E0);
#274=CIRCLE('',#273,1.000286101006E0);
#279=CIRCLE('',#278,1.000286101006E0);
#284=CIRCLE('',#283,1.000286101006E0);
#289=CIRCLE('',#288,1.500071524132E0);
#294=CIRCLE('',#293,1.500071524132E0);
#299=CIRCLE('',#298,5.E-1);
#304=CIRCLE('',#303,2.000071524132E0);
#309=CIRCLE('',#308,2.000071524132E0);
#314=CIRCLE('',#313,2.000071524132E0);
#323=CIRCLE('',#322,2.000071524132E0);
#332=CIRCLE('',#331,5.E-1);
#337=CIRCLE('',#336,5.E-1);
#342=CIRCLE('',#341,1.500071524132E0);
#347=CIRCLE('',#346,1.500071524132E0);
#352=CIRCLE('',#351,5.E-1);
#369=CIRCLE('',#368,7.5E-1);
#374=CIRCLE('',#373,7.5E-1);
#379=CIRCLE('',#378,7.5E-1);
#384=CIRCLE('',#383,7.5E-1);
#477=CIRCLE('',#476,7.5E-1);
#482=CIRCLE('',#481,7.5E-1);
#487=CIRCLE('',#486,7.5E-1);
#492=CIRCLE('',#491,7.5E-1);
#513=CIRCLE('',#512,7.5E-1);
#518=CIRCLE('',#517,7.5E-1);
#607=CIRCLE('',#606,7.5E-1);
#612=CIRCLE('',#611,7.5E-1);
#645=CIRCLE('',#644,7.5E-1);
#650=CIRCLE('',#649,7.5E-1);
#735=CIRCLE('',#734,7.5E-1);
#740=CIRCLE('',#739,7.5E-1);
#956=EDGE_CURVE('',#873,#874,#4,.T.);
#958=EDGE_CURVE('',#880,#873,#8,.T.);
#960=EDGE_CURVE('',#884,#880,#12,.T.);
#962=EDGE_CURVE('',#890,#884,#16,.T.);
#964=EDGE_CURVE('',#894,#890,#20,.T.);
#966=EDGE_CURVE('',#874,#894,#24,.T.);
#970=EDGE_CURVE('',#897,#898,#28,.T.);
#972=EDGE_CURVE('',#918,#897,#32,.T.);
#974=EDGE_CURVE('',#914,#918,#36,.T.);
#976=EDGE_CURVE('',#910,#914,#40,.T.);
#978=EDGE_CURVE('',#906,#910,#44,.T.);
#980=EDGE_CURVE('',#898,#906,#48,.T.);
#991=EDGE_CURVE('',#878,#874,#52,.T.);
#993=EDGE_CURVE('',#877,#878,#356,.T.);
#995=EDGE_CURVE('',#877,#873,#96,.T.);
#1006=EDGE_CURVE('',#892,#894,#56,.T.);
#1008=EDGE_CURVE('',#878,#892,#388,.T.);
#1019=EDGE_CURVE('',#892,#888,#64,.T.);
#1023=EDGE_CURVE('',#888,#890,#60,.T.);
#1034=EDGE_CURVE('',#888,#834,#68,.T.);
#1036=EDGE_CURVE('',#834,#813,#72,.T.);
#1038=EDGE_CURVE('',#892,#813,#392,.T.);
#1048=EDGE_CURVE('',#888,#886,#76,.T.);
#1050=EDGE_CURVE('',#886,#828,#80,.T.);
#1052=EDGE_CURVE('',#828,#834,#84,.T.);
#1066=EDGE_CURVE('',#886,#884,#88,.T.);
#1077=EDGE_CURVE('',#882,#880,#92,.T.);
#1079=EDGE_CURVE('',#886,#882,#464,.T.);
#1092=EDGE_CURVE('',#882,#877,#110,.T.);
#1104=EDGE_CURVE('',#877,#820,#114,.T.);
#1106=EDGE_CURVE('',#820,#824,#118,.T.);
#1108=EDGE_CURVE('',#882,#824,#468,.T.);
#1112=EDGE_CURVE('',#807,#808,#101,.T.);
#1114=EDGE_CURVE('',#808,#807,#106,.T.);
#1125=EDGE_CURVE('',#807,#809,#123,.T.);
#1127=EDGE_CURVE('',#809,#810,#238,.T.);
#1129=EDGE_CURVE('',#808,#810,#128,.T.);
#1141=EDGE_CURVE('',#810,#809,#179,.T.);
#1153=EDGE_CURVE('',#810,#785,#183,.T.);
#1155=EDGE_CURVE('',#779,#785,#252,.T.);
#1157=EDGE_CURVE('',#809,#779,#187,.T.);
#1169=EDGE_CURVE('',#779,#785,#243,.T.);
#1180=EDGE_CURVE('',#779,#780,#247,.T.);
#1182=EDGE_CURVE('',#780,#786,#274,.T.);
#1184=EDGE_CURVE('',#785,#786,#256,.T.);
#1198=EDGE_CURVE('',#780,#786,#265,.T.);
#1208=EDGE_CURVE('',#780,#782,#260,.T.);
#1211=EDGE_CURVE('',#786,#788,#269,.T.);
#1213=EDGE_CURVE('',#782,#788,#279,.T.);
#1224=EDGE_CURVE('',#782,#788,#284,.T.);
#1236=EDGE_CURVE('',#795,#796,#289,.T.);
#1238=EDGE_CURVE('',#796,#795,#294,.T.);
#1252=EDGE_CURVE('',#791,#792,#304,.T.);
#1254=EDGE_CURVE('',#792,#796,#332,.T.);
#1257=EDGE_CURVE('',#791,#795,#299,.T.);
#1268=EDGE_CURVE('',#791,#804,#327,.T.);
#1270=EDGE_CURVE('',#804,#803,#309,.T.);
#1272=EDGE_CURVE('',#792,#803,#318,.T.);
#1282=EDGE_CURVE('',#792,#791,#314,.T.);
#1285=EDGE_CURVE('',#803,#804,#323,.T.);
#1308=EDGE_CURVE('',#799,#800,#342,.T.);
#1310=EDGE_CURVE('',#800,#804,#352,.T.);
#1313=EDGE_CURVE('',#799,#803,#337,.T.);
#1324=EDGE_CURVE('',#800,#799,#347,.T.);
#1347=EDGE_CURVE('',#878,#814,#360,.T.);
#1349=EDGE_CURVE('',#814,#820,#364,.T.);
#1354=EDGE_CURVE('',#921,#922,#369,.T.);
#1356=EDGE_CURVE('',#922,#921,#374,.T.);
#1360=EDGE_CURVE('',#925,#926,#379,.T.);
#1362=EDGE_CURVE('',#926,#925,#384,.T.);
#1374=EDGE_CURVE('',#813,#814,#396,.T.);
#1386=EDGE_CURVE('',#813,#817,#404,.T.);
#1388=EDGE_CURVE('',#817,#818,#412,.T.);
#1390=EDGE_CURVE('',#814,#818,#400,.T.);
#1401=EDGE_CURVE('',#834,#832,#408,.T.);
#1403=EDGE_CURVE('',#832,#817,#416,.T.);
#1414=EDGE_CURVE('',#830,#832,#420,.T.);
#1418=EDGE_CURVE('',#828,#830,#460,.T.);
#1431=EDGE_CURVE('',#826,#830,#424,.T.);
#1433=EDGE_CURVE('',#822,#826,#428,.T.);
#1435=EDGE_CURVE('',#818,#822,#432,.T.);
#1439=EDGE_CURVE('',#837,#838,#436,.T.);
#1441=EDGE_CURVE('',#858,#837,#440,.T.);
#1443=EDGE_CURVE('',#852,#858,#444,.T.);
#1445=EDGE_CURVE('',#848,#852,#448,.T.);
#1447=EDGE_CURVE('',#844,#848,#452,.T.);
#1449=EDGE_CURVE('',#838,#844,#456,.T.);
#1459=EDGE_CURVE('',#824,#828,#472,.T.);
#1461=EDGE_CURVE('',#824,#826,#760,.T.);
#1479=EDGE_CURVE('',#937,#938,#477,.T.);
#1481=EDGE_CURVE('',#938,#937,#482,.T.);
#1485=EDGE_CURVE('',#941,#942,#487,.T.);
#1487=EDGE_CURVE('',#942,#941,#492,.T.);
#1498=EDGE_CURVE('',#937,#949,#496,.T.);
#1500=EDGE_CURVE('',#949,#950,#513,.T.);
#1502=EDGE_CURVE('',#938,#950,#500,.T.);
#1514=EDGE_CURVE('',#950,#949,#518,.T.);
#1525=EDGE_CURVE('',#916,#901,#504,.T.);
#1527=EDGE_CURVE('',#901,#870,#582,.T.);
#1529=EDGE_CURVE('',#868,#870,#554,.T.);
#1531=EDGE_CURVE('',#916,#868,#508,.T.);
#1546=EDGE_CURVE('',#916,#918,#526,.T.);
#1549=EDGE_CURVE('',#901,#897,#522,.T.);
#1559=EDGE_CURVE('',#912,#916,#530,.T.);
#1561=EDGE_CURVE('',#912,#914,#616,.T.);
#1575=EDGE_CURVE('',#866,#868,#550,.T.);
#1577=EDGE_CURVE('',#912,#866,#534,.T.);
#1587=EDGE_CURVE('',#861,#862,#538,.T.);
#1589=EDGE_CURVE('',#862,#864,#542,.T.);
#1591=EDGE_CURVE('',#864,#866,#546,.T.);
#1595=EDGE_CURVE('',#870,#861,#558,.T.);
#1605=EDGE_CURVE('',#902,#904,#562,.T.);
#1607=EDGE_CURVE('',#904,#862,#594,.T.);
#1610=EDGE_CURVE('',#902,#861,#566,.T.);
#1621=EDGE_CURVE('',#902,#898,#574,.T.);
#1624=EDGE_CURVE('',#904,#906,#570,.T.);
#1636=EDGE_CURVE('',#901,#902,#578,.T.);
#1659=EDGE_CURVE('',#904,#908,#590,.T.);
#1663=EDGE_CURVE('',#908,#910,#586,.T.);
#1674=EDGE_CURVE('',#908,#864,#602,.T.);
#1686=EDGE_CURVE('',#908,#912,#598,.T.);
#1693=EDGE_CURVE('',#933,#934,#607,.T.);
#1695=EDGE_CURVE('',#934,#933,#612,.T.);
#1718=EDGE_CURVE('',#925,#933,#620,.T.);
#1721=EDGE_CURVE('',#926,#934,#624,.T.);
#1744=EDGE_CURVE('',#941,#945,#628,.T.);
#1746=EDGE_CURVE('',#945,#946,#645,.T.);
#1748=EDGE_CURVE('',#942,#946,#632,.T.);
#1760=EDGE_CURVE('',#946,#945,#650,.T.);
#1771=EDGE_CURVE('',#841,#842,#636,.T.);
#1773=EDGE_CURVE('',#842,#774,#640,.T.);
#1775=EDGE_CURVE('',#774,#776,#702,.T.);
#1777=EDGE_CURVE('',#841,#776,#686,.T.);
#1792=EDGE_CURVE('',#842,#838,#654,.T.);
#1795=EDGE_CURVE('',#841,#837,#690,.T.);
#1806=EDGE_CURVE('',#846,#844,#658,.T.);
#1808=EDGE_CURVE('',#842,#846,#718,.T.);
#1820=EDGE_CURVE('',#850,#848,#662,.T.);
#1822=EDGE_CURVE('',#846,#850,#726,.T.);
#1834=EDGE_CURVE('',#854,#852,#666,.T.);
#1836=EDGE_CURVE('',#850,#854,#744,.T.);
#1847=EDGE_CURVE('',#854,#856,#674,.T.);
#1851=EDGE_CURVE('',#856,#858,#670,.T.);
#1862=EDGE_CURVE('',#856,#767,#678,.T.);
#1864=EDGE_CURVE('',#767,#768,#694,.T.);
#1866=EDGE_CURVE('',#854,#768,#748,.T.);
#1876=EDGE_CURVE('',#856,#841,#682,.T.);
#1879=EDGE_CURVE('',#776,#767,#698,.T.);
#1905=EDGE_CURVE('',#772,#774,#706,.T.);
#1907=EDGE_CURVE('',#770,#772,#710,.T.);
#1909=EDGE_CURVE('',#768,#770,#714,.T.);
#1920=EDGE_CURVE('',#846,#772,#722,.T.);
#1933=EDGE_CURVE('',#850,#770,#730,.T.);
#1939=EDGE_CURVE('',#929,#930,#735,.T.);
#1941=EDGE_CURVE('',#930,#929,#740,.T.);
#1964=EDGE_CURVE('',#921,#929,#752,.T.);
#1967=EDGE_CURVE('',#922,#930,#756,.T.);
#1990=EDGE_CURVE('',#820,#822,#764,.T.);
#2009=CLOSED_SHELL('',(#984,#999,#1013,#1027,#1042,#1057,#1070,#1084,#1097,
#1118,#1133,#1146,#1161,#1174,#1189,#1202,#1217,#1230,#1246,#1261,#1276,#1290,
#1302,#1317,#1328,#1340,#1366,#1379,#1394,#1408,#1422,#1453,#1467,#1491,#1506,
#1519,#1539,#1553,#1567,#1581,#1599,#1614,#1628,#1641,#1653,#1667,#1680,#1699,
#1711,#1725,#1737,#1752,#1765,#1785,#1799,#1813,#1827,#1841,#1855,#1870,#1884,
#1896,#1913,#1926,#1945,#1957,#1971,#1983,#1996,#2008));
#2010=MANIFOLD_SOLID_BREP('',#2009);
#2012=(LENGTH_UNIT()NAMED_UNIT(*)SI_UNIT(.MILLI.,.METRE.));
#2016=(NAMED_UNIT(*)PLANE_ANGLE_UNIT()SI_UNIT($,.RADIAN.));
#2019=(NAMED_UNIT(*)SI_UNIT($,.STERADIAN.)SOLID_ANGLE_UNIT());
#2022=ADVANCED_BREP_SHAPE_REPRESENTATION('',(#2010),#2021);
#2029=PRODUCT_DEFINITION('design','',#2028,#2025);
#2030=PRODUCT_DEFINITION_SHAPE('','SHAPE FOR CH8.',#2029);
#2031=SHAPE_DEFINITION_REPRESENTATION(#2030,#2022);
ENDSEC;
END-ISO-10303-21;
